Workbook

Sheet 1_MASTER_RATES
A1: PRODUCT INFO & WORK CENTER RATES
A3: PRODUCT INFO
A4: Product Code | B4: Product Name / Description | C4: UOM | D4: Source Reference
A5: RGOM-024 | B5: RGOM-024 Membrane Switch Panel | C5: PC | D5: Cost declare 250331
A7: WORK CENTER RATES (THB / MHr)
A8: Work Center (WC) | B8: Department Description | C8: Labor Rate (THB/MHr) | D8: Burden Rate (THB/MHr) | E8: Effective Date | F8: Source Reference
A9: WC-CUT | B9: Cutting Line | C9: 105.29 | D9: 138.48 | E9: 2025-03-31 | F9: Cost declare 250331 row 17
A10: WC-PRT | B10: Printing Line | C10: 105.29 | D10: 97.69 | E10: 2025-03-31 | F10: Cost declare 250331 row 18
A11: WC-ASY | B11: Assembly Line | C11: 105.29 | D11: 90.93 | E11: 2025-03-31 | F11: Cost declare 250331 row 19
A12: WC-QAP | B12: QA & Packing Line | C12: 105.29 | D12: 82.74 | E12: 2025-03-31 | F12: Cost declare 250331 row 20

Sheet 2_BOM_BREAKDOWN
A1: DIRECT MATERIAL COST BREAKDOWN (BOM)
A3: BOM MATERIAL INPUT
A4: Item No | B4: Material Code | C4: Material Description | D4: Consumption | E4: UOM | F4: Base Price (THB) | G4: Active Price (THB) | H4: Base Loss % | I4: Active Loss % | J4: Source Reference
A5: 1 | B5: RMMBA1020 | C5: DOTITE XA-3645 Conductive Silver Paste Ink | D5: 0.0035 | E5: GM | F5: 150 | G5: 545.6 | H5: 0.3 | I5: 0.3 | J5: Cost declare 250331
A6: 2 | B6: RMMBA1030 | C6: FEC-4023 Carbon Resistive Paste Ink | D6: 0.002 | E6: GM | F6: 85 | G6: 85 | H6: 0.3 | I6: 0.3 | J6: Cost declare 250331
A7: 3 | B7: RMMBA1040 | C7: PTF-3201N UV Dielectric Insulating Paste | D7: 0.005 | E7: GM | F7: 45 | G7: 45 | H7: 0.3 | I7: 0.3 | J7: Cost declare 250331
A8: 4 | B8: RMPET1010 | C8: PET Film FPE-1100 (25um Base Film) | D8: 0.0125 | E8: SM | F8: 380 | G8: 380 | H8: 0.15 | I8: 0.15 | J8: Cost declare 250331
A9: 5 | B9: RMCVR2010 | C9: Front Graphic Overlay Hardcoat Film | D9: 0.0125 | E9: SM | F9: 420 | G9: 420 | H9: 0.15 | I9: 0.15 | J9: Cost declare 250331
A10: 6 | B10: RMADH3010 | C10: High-Tack Acrylic Spacer Tape 3M | D10: 0.0125 | E10: SM | F10: 280 | G10: 280 | H10: 0.15 | I10: 0.15 | J10: Cost declare 250331
A11: 7 | B11: RMPCK4010 | C11: Conductive Anti-Static Shield Bag | D11: 1 | E11: PC | F11: 0.85 | G11: 0.85 | H11: 0.05 | I11: 0.05 | J11: Cost declare 250331
A12: 8 | B12: RMPCK4020 | C12: Silica Gel Desiccant 5g Pack | D12: 1 | E12: PC | F12: 0.35 | G12: 0.35 | H12: 0.02 | I12: 0.02 | J12: Cost declare 250331
A13: 9 | B13: RMPCK4030 | C13: Export Corrugated Shipping Carton | D13: 0.01 | E13: PC | F13: 42 | G13: 42 | H13: 0 | I13: 0 | J13: Cost declare 250331
A14: 10 | B14: RMMBA1050 | C14: Terminal Pin Connector Clip (Ag Plated) | D14: 4 | E14: PC | F14: 0.12 | G14: 0.12 | H14: 0.01 | I14: 0.01 | J14: Cost declare 250331
A16: BOM COST CALCULATION & VARIANCE (THB / Unit)
A17: Item No | B17: Material Code | C17: Material Description | D17: Base Cost (THB) | E17: Active Cost (THB) | F17: Price Var (THB) | G17: Loss Var (THB) | H17: Total Mat Var (Δ THB)
A18: =IFERROR(IF(A5="","",A5),"") -> 1 | B18: =IFERROR(IF(B5="","",B5),"") -> RMMBA1020 | C18: =IFERROR(IF(C5="","",C5),"") -> DOTITE XA-3645 Conductive Silver Paste Ink | D18: =IFERROR(IF(OR(C5="", D5="", F5=""), "", D5*F5*(1+IF(H5="",0,H5))), "") -> 0.6825 | E18: =IFERROR(IF(OR(C5="", D5="", G5=""), "", D5*G5*(1+IF(I5="",0,I5))), "") -> 2.48248 | F18: =IFERROR(IF(OR(C5="", D5="", F5="", G5=""), "", (G5-F5)*D5*(1+IF(I5="",0,I5))), "") -> 1.79998 | G18: =IFERROR(IF(OR(C5="", D5="", F5=""), "", (IF(I5="",0,I5)-IF(H5="",0,H5))*D5*F5), "") -> 0 | H18: =IFERROR(IF(OR(C5="", D18="", E18=""), "", E18-D18), "") -> 1.79998
A19: =IFERROR(IF(A6="","",A6),"") -> 2 | B19: =IFERROR(IF(B6="","",B6),"") -> RMMBA1030 | C19: =IFERROR(IF(C6="","",C6),"") -> FEC-4023 Carbon Resistive Paste Ink | D19: =IFERROR(IF(OR(C6="", D6="", F6=""), "", D6*F6*(1+IF(H6="",0,H6))), "") -> 0.221 | E19: =IFERROR(IF(OR(C6="", D6="", G6=""), "", D6*G6*(1+IF(I6="",0,I6))), "") -> 0.221 | F19: =IFERROR(IF(OR(C6="", D6="", F6="", G6=""), "", (G6-F6)*D6*(1+IF(I6="",0,I6))), "") -> 0 | G19: =IFERROR(IF(OR(C6="", D6="", F6=""), "", (IF(I6="",0,I6)-IF(H6="",0,H6))*D6*F6), "") -> 0 | H19: =IFERROR(IF(OR(C6="", D19="", E19=""), "", E19-D19), "") -> 0
A20: =IFERROR(IF(A7="","",A7),"") -> 3 | B20: =IFERROR(IF(B7="","",B7),"") -> RMMBA1040 | C20: =IFERROR(IF(C7="","",C7),"") -> PTF-3201N UV Dielectric Insulating Paste | D20: =IFERROR(IF(OR(C7="", D7="", F7=""), "", D7*F7*(1+IF(H7="",0,H7))), "") -> 0.2925 | E20: =IFERROR(IF(OR(C7="", D7="", G7=""), "", D7*G7*(1+IF(I7="",0,I7))), "") -> 0.2925 | F20: =IFERROR(IF(OR(C7="", D7="", F7="", G7=""), "", (G7-F7)*D7*(1+IF(I7="",0,I7))), "") -> 0 | G20: =IFERROR(IF(OR(C7="", D7="", F7=""), "", (IF(I7="",0,I7)-IF(H7="",0,H7))*D7*F7), "") -> 0 | H20: =IFERROR(IF(OR(C7="", D20="", E20=""), "", E20-D20), "") -> 0
A21: =IFERROR(IF(A8="","",A8),"") -> 4 | B21: =IFERROR(IF(B8="","",B8),"") -> RMPET1010 | C21: =IFERROR(IF(C8="","",C8),"") -> PET Film FPE-1100 (25um Base Film) | D21: =IFERROR(IF(OR(C8="", D8="", F8=""), "", D8*F8*(1+IF(H8="",0,H8))), "") -> 5.4625 | E21: =IFERROR(IF(OR(C8="", D8="", G8=""), "", D8*G8*(1+IF(I8="",0,I8))), "") -> 5.4625 | F21: =IFERROR(IF(OR(C8="", D8="", F8="", G8=""), "", (G8-F8)*D8*(1+IF(I8="",0,I8))), "") -> 0 | G21: =IFERROR(IF(OR(C8="", D8="", F8=""), "", (IF(I8="",0,I8)-IF(H8="",0,H8))*D8*F8), "") -> 0 | H21: =IFERROR(IF(OR(C8="", D21="", E21=""), "", E21-D21), "") -> 0
A22: =IFERROR(IF(A9="","",A9),"") -> 5 | B22: =IFERROR(IF(B9="","",B9),"") -> RMCVR2010 | C22: =IFERROR(IF(C9="","",C9),"") -> Front Graphic Overlay Hardcoat Film | D22: =IFERROR(IF(OR(C9="", D9="", F9=""), "", D9*F9*(1+IF(H9="",0,H9))), "") -> 6.0375 | E22: =IFERROR(IF(OR(C9="", D9="", G9=""), "", D9*G9*(1+IF(I9="",0,I9))), "") -> 6.0375 | F22: =IFERROR(IF(OR(C9="", D9="", F9="", G9=""), "", (G9-F9)*D9*(1+IF(I9="",0,I9))), "") -> 0 | G22: =IFERROR(IF(OR(C9="", D9="", F9=""), "", (IF(I9="",0,I9)-IF(H9="",0,H9))*D9*F9), "") -> 0 | H22: =IFERROR(IF(OR(C9="", D22="", E22=""), "", E22-D22), "") -> 0
A23: =IFERROR(IF(A10="","",A10),"") -> 6 | B23: =IFERROR(IF(B10="","",B10),"") -> RMADH3010 | C23: =IFERROR(IF(C10="","",C10),"") -> High-Tack Acrylic Spacer Tape 3M | D23: =IFERROR(IF(OR(C10="", D10="", F10=""), "", D10*F10*(1+IF(H10="",0,H10))), "") -> 4.025 | E23: =IFERROR(IF(OR(C10="", D10="", G10=""), "", D10*G10*(1+IF(I10="",0,I10))), "") -> 4.025 | F23: =IFERROR(IF(OR(C10="", D10="", F10="", G10=""), "", (G10-F10)*D10*(1+IF(I10="",0,I10))), "") -> 0 | G23: =IFERROR(IF(OR(C10="", D10="", F10=""), "", (IF(I10="",0,I10)-IF(H10="",0,H10))*D10*F10), "") -> 0 | H23: =IFERROR(IF(OR(C10="", D23="", E23=""), "", E23-D23), "") -> 0
A24: =IFERROR(IF(A11="","",A11),"") -> 7 | B24: =IFERROR(IF(B11="","",B11),"") -> RMPCK4010 | C24: =IFERROR(IF(C11="","",C11),"") -> Conductive Anti-Static Shield Bag | D24: =IFERROR(IF(OR(C11="", D11="", F11=""), "", D11*F11*(1+IF(H11="",0,H11))), "") -> 0.8925 | E24: =IFERROR(IF(OR(C11="", D11="", G11=""), "", D11*G11*(1+IF(I11="",0,I11))), "") -> 0.8925 | F24: =IFERROR(IF(OR(C11="", D11="", F11="", G11=""), "", (G11-F11)*D11*(1+IF(I11="",0,I11))), "") -> 0 | G24: =IFERROR(IF(OR(C11="", D11="", F11=""), "", (IF(I11="",0,I11)-IF(H11="",0,H11))*D11*F11), "") -> 0 | H24: =IFERROR(IF(OR(C11="", D24="", E24=""), "", E24-D24), "") -> 0
A25: =IFERROR(IF(A12="","",A12),"") -> 8 | B25: =IFERROR(IF(B12="","",B12),"") -> RMPCK4020 | C25: =IFERROR(IF(C12="","",C12),"") -> Silica Gel Desiccant 5g Pack | D25: =IFERROR(IF(OR(C12="", D12="", F12=""), "", D12*F12*(1+IF(H12="",0,H12))), "") -> 0.357 | E25: =IFERROR(IF(OR(C12="", D12="", G12=""), "", D12*G12*(1+IF(I12="",0,I12))), "") -> 0.357 | F25: =IFERROR(IF(OR(C12="", D12="", F12="", G12=""), "", (G12-F12)*D12*(1+IF(I12="",0,I12))), "") -> 0 | G25: =IFERROR(IF(OR(C12="", D12="", F12=""), "", (IF(I12="",0,I12)-IF(H12="",0,H12))*D12*F12), "") -> 0 | H25: =IFERROR(IF(OR(C12="", D25="", E25=""), "", E25-D25), "") -> 0
A26: =IFERROR(IF(A13="","",A13),"") -> 9 | B26: =IFERROR(IF(B13="","",B13),"") -> RMPCK4030 | C26: =IFERROR(IF(C13="","",C13),"") -> Export Corrugated Shipping Carton | D26: =IFERROR(IF(OR(C13="", D13="", F13=""), "", D13*F13*(1+IF(H13="",0,H13))), "") -> 0.42 | E26: =IFERROR(IF(OR(C13="", D13="", G13=""), "", D13*G13*(1+IF(I13="",0,I13))), "") -> 0.42 | F26: =IFERROR(IF(OR(C13="", D13="", F13="", G13=""), "", (G13-F13)*D13*(1+IF(I13="",0,I13))), "") -> 0 | G26: =IFERROR(IF(OR(C13="", D13="", F13=""), "", (IF(I13="",0,I13)-IF(H13="",0,H13))*D13*F13), "") -> 0 | H26: =IFERROR(IF(OR(C13="", D26="", E26=""), "", E26-D26), "") -> 0
A27: =IFERROR(IF(A14="","",A14),"") -> 10 | B27: =IFERROR(IF(B14="","",B14),"") -> RMMBA1050 | C27: =IFERROR(IF(C14="","",C14),"") -> Terminal Pin Connector Clip (Ag Plated) | D27: =IFERROR(IF(OR(C14="", D14="", F14=""), "", D14*F14*(1+IF(H14="",0,H14))), "") -> 0.4848 | E27: =IFERROR(IF(OR(C14="", D14="", G14=""), "", D14*G14*(1+IF(I14="",0,I14))), "") -> 0.4848 | F27: =IFERROR(IF(OR(C14="", D14="", F14="", G14=""), "", (G14-F14)*D14*(1+IF(I14="",0,I14))), "") -> 0 | G27: =IFERROR(IF(OR(C14="", D14="", F14=""), "", (IF(I14="",0,I14)-IF(H14="",0,H14))*D14*F14), "") -> 0 | H27: =IFERROR(IF(OR(C14="", D27="", E27=""), "", E27-D27), "") -> 0
A28: Total | D28: =IFERROR(IF(SUM(D18:D27)=0, "", SUM(D18:D27)), "") -> 18.8753 | E28: =IFERROR(IF(SUM(E18:E27)=0, "", SUM(E18:E27)), "") -> 20.67528 | F28: =IFERROR(IF(SUM(F18:F27)=0, "", SUM(F18:F27)), "") -> 1.79998 | G28: =IFERROR(IF(SUM(G18:G27)=0, "", SUM(G18:G27)), "") | H28: =IFERROR(IF(SUM(H18:H27)=0, "", SUM(H18:H27)), "") -> 1.79998

Sheet 3_ROUTING_BREAKDOWN
A1: CONVERSION PROCESS COST BREAKDOWN (ROUTING)
A3: ROUTING PROCESS INPUT
A4: Sequence | B4: Section / Department | C4: Process Name | D4: Work Center | E4: MHr | F4: Base Cap (Unit/hr) | G4: Active Cap (Unit/hr) | H4: Base Yield (%) | I4: Active Yield (%) | J4: Source Reference
A5: 1 | B5: 1. PRINTING Line | C5: Cutting | D5: WC-CUT | E5: 1 | F5: 6180 | G5: 6180 | H5: 1 | I5: 1 | J5: Cost declare Row 28
A6: 2 | B6: 1. PRINTING Line | C6: Annealing | D6: WC-CUT | E6: 1 | F6: 2520 | G6: 2520 | H6: 1 | I6: 1 | J6: Cost declare Row 29
A7: 3 | B7: 1. PRINTING Line | C7: Re-anneal#1 | D7: WC-PRT | E7: 1 | F7: 2340 | G7: 2340 | H7: 1 | I7: 1 | J7: Cost declare Row 30
A8: 4 | B8: 1. PRINTING Line | C8: Cleaning M/C(Back side) | D8: WC-PRT | E8: 1 | F8: 6900 | G8: 6900 | H8: 1 | I8: 1 | J8: Cost declare Row 31
A9: 5 | B9: 1. PRINTING Line | C9: Printing-BAg | D9: WC-PRT | E9: 4 | F9: 1884 | G9: 1884 | H9: 1 | I9: 1 | J9: Cost declare Row 32
A10: 6 | B10: 1. PRINTING Line | C10: Cleaning M/C(Back side) | D10: WC-PRT | E10: 1 | F10: 6900 | G10: 6900 | H10: 1 | I10: 1 | J10: Cost declare Row 33
A11: 7 | B11: 1. PRINTING Line | C11: Printing-BC | D11: WC-PRT | E11: 4 | F11: 1944 | G11: 1944 | H11: 1 | I11: 1 | J11: Cost declare Row 34
A12: 8 | B12: 1. PRINTING Line | C12: Cleaning M/C(Back side) | D12: WC-PRT | E12: 1 | F12: 6900 | G12: 6900 | H12: 1 | I12: 1 | J12: Cost declare Row 35
A13: 9 | B13: 1. PRINTING Line | C13: Printing-BUR1 | D13: WC-PRT | E13: 3 | F13: 1836 | G13: 1836 | H13: 1 | I13: 1 | J13: Cost declare Row 36
A14: 10 | B14: 1. PRINTING Line | C14: Cleaning M/C(Back side) | D14: WC-PRT | E14: 1 | F14: 6900 | G14: 6900 | H14: 1 | I14: 1 | J14: Cost declare Row 37
A15: 11 | B15: 1. PRINTING Line | C15: Printing-BUR2 | D15: WC-PRT | E15: 3 | F15: 2004 | G15: 2004 | H15: 1 | I15: 1 | J15: Cost declare Row 38
A16: 12 | B16: 1. PRINTING Line | C16: Cleaning M/C(Back side) | D16: WC-PRT | E16: 1 | F16: 6900 | G16: 6900 | H16: 1 | I16: 1 | J16: Cost declare Row 39
... A43: 39 | B43: 5. QA & Packing Line | C43: QA & Packing (VDO-Ins 1/2, QA Ins, Packing carton, Leader) | D43: WC-QAP | E43: 5 | F43: 560 | G43: 560 | H43: 0.9975 | I43: 0.9975 | J43: Cost declare Rows 74-79
A45: CONVERSION COST CALCULATION & VARIANCE (THB / Unit)
A46: Sequence | B46: Section / Department | C46: Process Name | D46: Work Center | E46: Base Runtime (MHr) | F46: Active Runtime (MHr) | G46: Δ Runtime (MHr) | H46: Base Labor (THB) | I46: Active Labor (THB) | J46: Δ Labor (THB) | K46: Base Burden (THB) | L46: Active Burden (THB) | M46: Δ Burden (THB) | N46: Base Process Cost (THB) | O46: Active Process Cost (THB) | P46: Total Process Δ (THB)
A47: =IFERROR(IF(A5="","",A5),"") -> 1 | B47: =IFERROR(IF(B5="","",B5),"") -> 1. PRINTING Line | C47: =IFERROR(IF(C5="","",C5),"") -> Cutting | D47: =IFERROR(IF(D5="","",D5),"") -> WC-CUT | E47: =IFERROR(IF(OR(C5="", F5="", H5="", F5=0, H5=0), "", E5/(F5*H5)), "") -> 0.0001618123 | F47: =IFERROR(IF(OR(C5="", G5="", I5="", G5=0, I5=0), "", E5/(G5*I5)), "") -> 0.0001618123 | G47: =IFERROR(IF(OR(C5="", E47="", F47=""), "", F47-E47), "") -> 0 | H47: =IFERROR(IF(OR(C5="", E47=""), "", E47*IFERROR(VLOOKUP(D5,'1_MASTER_RATES'!A$9:F$12,3,FALSE),0)), "") -> 0.017037217 | I47: =IFERROR(IF(OR(C5="", F47=""), "", F47*IFERROR(VLOOKUP(D5,'1_MASTER_RATES'!A$9:F$12,3,FALSE),0)), "") -> 0.017037217 | J47: =IFERROR(IF(OR(C5="", H47="", I47=""), "", I47-H47), "") -> 0 | K47: =IFERROR(IF(OR(C5="", E47=""), "", E47*IFERROR(VLOOKUP(D5,'1_MASTER_RATES'!A$9:F$12,4,FALSE),0)), "") -> 0.022407767 | L47: =IFERROR(IF(OR(C5="", F47=""), "", F47*IFERROR(VLOOKUP(D5,'1_MASTER_RATES'!A$9:F$12,4,FALSE),0)), "") -> 0.022407767 | M47: =IFERROR(IF(OR(C5="", K47="", L47=""), "", L47-K47), "") -> 0 | N47: =IFERROR(IF(C5="","", H47+K47), "") -> 0.039444984 | O47: =IFERROR(IF(C5="","", I47+L47), "") -> 0.039444984 | P47: =IFERROR(IF(C5="","", O47-N47), "") -> 0
A48: =IFERROR(IF(A6="","",A6),"") -> 2 | B48: =IFERROR(IF(B6="","",B6),"") -> 1. PRINTING Line | C48: =IFERROR(IF(C6="","",C6),"") -> Annealing | D48: =IFERROR(IF(D6="","",D6),"") -> WC-CUT | E48: =IFERROR(IF(OR(C6="", F6="", H6="", F6=0, H6=0), "", E6/(F6*H6)), "") -> 0.0003968254 | F48: =IFERROR(IF(OR(C6="", G6="", I6="", G6=0, I6=0), "", E6/(G6*I6)), "") -> 0.0003968254 | G48: =IFERROR(IF(OR(C6="", E48="", F48=""), "", F48-E48), "") -> 0 | H48: =IFERROR(IF(OR(C6="", E48=""), "", E48*IFERROR(VLOOKUP(D6,'1_MASTER_RATES'!A$9:F$12,3,FALSE),0)), "") -> 0.041781746 | I48: =IFERROR(IF(OR(C6="", F48=""), "", F48*IFERROR(VLOOKUP(D6,'1_MASTER_RATES'!A$9:F$12,3,FALSE),0)), "") -> 0.041781746 | J48: =IFERROR(IF(OR(C6="", H48="", I48=""), "", I48-H48), "") -> 0 | K48: =IFERROR(IF(OR(C6="", E48=""), "", E48*IFERROR(VLOOKUP(D6,'1_MASTER_RATES'!A$9:F$12,4,FALSE),0)), "") -> 0.054952381 | L48: =IFERROR(IF(OR(C6="", F48=""), "", F48*IFERROR(VLOOKUP(D6,'1_MASTER_RATES'!A$9:F$12,4,FALSE),0)), "") -> 0.054952381 | M48: =IFERROR(IF(OR(C6="", K48="", L48=""), "", L48-K48), "") -> 0 | N48: =IFERROR(IF(C6="","", H48+K48), "") -> 0.096734127 | O48: =IFERROR(IF(C6="","", I48+L48), "") -> 0.096734127 | P48: =IFERROR(IF(C6="","", O48-N48), "") -> 0
A49: =IFERROR(IF(A7="","",A7),"") -> 3 | B49: =IFERROR(IF(B7="","",B7),"") -> 1. PRINTING Line | C49: =IFERROR(IF(C7="","",C7),"") -> Re-anneal#1 | D49: =IFERROR(IF(D7="","",D7),"") -> WC-PRT | E49: =IFERROR(IF(OR(C7="", F7="", H7="", F7=0, H7=0), "", E7/(F7*H7)), "") -> 0.00042735043 | F49: =IFERROR(IF(OR(C7="", G7="", I7="", G7=0, I7=0), "", E7/(G7*I7)), "") -> 0.00042735043 | G49: =IFERROR(IF(OR(C7="", E49="", F49=""), "", F49-E49), "") -> 0 | H49: =IFERROR(IF(OR(C7="", E49=""), "", E49*IFERROR(VLOOKUP(D7,'1_MASTER_RATES'!A$9:F$12,3,FALSE),0)), "") -> 0.044995726 | I49: =IFERROR(IF(OR(C7="", F49=""), "", F49*IFERROR(VLOOKUP(D7,'1_MASTER_RATES'!A$9:F$12,3,FALSE),0)), "") -> 0.044995726 | J49: =IFERROR(IF(OR(C7="", H49="", I49=""), "", I49-H49), "") -> 0 | K49: =IFERROR(IF(OR(C7="", E49=""), "", E49*IFERROR(VLOOKUP(D7,'1_MASTER_RATES'!A$9:F$12,4,FALSE),0)), "") -> 0.041747863 | L49: =IFERROR(IF(OR(C7="", F49=""), "", F49*IFERROR(VLOOKUP(D7,'1_MASTER_RATES'!A$9:F$12,4,FALSE),0)), "") -> 0.041747863 | M49: =IFERROR(IF(OR(C7="", K49="", L49=""), "", L49-K49), "") -> 0 | N49: =IFERROR(IF(C7="","", H49+K49), "") -> 0.08674359 | O49: =IFERROR(IF(C7="","", I49+L49), "") -> 0.08674359 | P49: =IFERROR(IF(C7="","", O49-N49), "") -> 0
A50: =IFERROR(IF(A8="","",A8),"") -> 4 | B50: =IFERROR(IF(B8="","",B8),"") -> 1. PRINTING Line | C50: =IFERROR(IF(C8="","",C8),"") -> Cleaning M/C(Back side) | D50: =IFERROR(IF(D8="","",D8),"") -> WC-PRT | E50: =IFERROR(IF(OR(C8="", F8="", H8="", F8=0, H8=0), "", E8/(F8*H8)), "") -> 0.00014492754 | F50: =IFERROR(IF(OR(C8="", G8="", I8="", G8=0, I8=0), "", E8/(G8*I8)), "") -> 0.00014492754 | G50: =IFERROR(IF(OR(C8="", E50="", F50=""), "", F50-E50), "") -> 0 | H50: =IFERROR(IF(OR(C8="", E50=""), "", E50*IFERROR(VLOOKUP(D8,'1_MASTER_RATES'!A$9:F$12,3,FALSE),0)), "") -> 0.01525942 | I50: =IFERROR(IF(OR(C8="", F50=""), "", F50*IFERROR(VLOOKUP(D8,'1_MASTER_RATES'!A$9:F$12,3,FALSE),0)), "") -> 0.01525942 | J50: =IFERROR(IF(OR(C8="", H50="", I50=""), "", I50-H50), "") -> 0 | K50: =IFERROR(IF(OR(C8="", E50=""), "", E50*IFERROR(VLOOKUP(D8,'1_MASTER_RATES'!A$9:F$12,4,FALSE),0)), "") -> 0.014157971 | L50: =IFERROR(IF(OR(C8="", F50=""), "", F50*IFERROR(VLOOKUP(D8,'1_MASTER_RATES'!A$9:F$12,4,FALSE),0)), "") -> 0.014157971 | M50: =IFERROR(IF(OR(C8="", K50="", L50=""), "", L50-K50), "") -> 0 | N50: =IFERROR(IF(C8="","", H50+K50), "") -> 0.029417391 | O50: =IFERROR(IF(C8="","", I50+L50), "") -> 0.029417391 | P50: =IFERROR(IF(C8="","", O50-N50), "") -> 0
A51: =IFERROR(IF(A9="","",A9),"") -> 5 | B51: =IFERROR(IF(B9="","",B9),"") -> 1. PRINTING Line | C51: =IFERROR(IF(C9="","",C9),"") -> Printing-BAg | D51: =IFERROR(IF(D9="","",D9),"") -> WC-PRT | E51: =IFERROR(IF(OR(C9="", F9="", H9="", F9=0, H9=0), "", E9/(F9*H9)), "") -> 0.0021231423 | F51: =IFERROR(IF(OR(C9="", G9="", I9="", G9=0, I9=0), "", E9/(G9*I9)), "") -> 0.0021231423 | G51: =IFERROR(IF(OR(C9="", E51="", F51=""), "", F51-E51), "") -> 0 | H51: =IFERROR(IF(OR(C9="", E51=""), "", E51*IFERROR(VLOOKUP(D9,'1_MASTER_RATES'!A$9:F$12,3,FALSE),0)), "") -> 0.22354565 | I51: =IFERROR(IF(OR(C9="", F51=""), "", F51*IFERROR(VLOOKUP(D9,'1_MASTER_RATES'!A$9:F$12,3,FALSE),0)), "") -> 0.22354565 | J51: =IFERROR(IF(OR(C9="", H51="", I51=""), "", I51-H51), "") -> 0 | K51: =IFERROR(IF(OR(C9="", E51=""), "", E51*IFERROR(VLOOKUP(D9,'1_MASTER_RATES'!A$9:F$12,4,FALSE),0)), "") -> 0.20740977 | L51: =IFERROR(IF(OR(C9="", F51=""), "", F51*IFERROR(VLOOKUP(D9,'1_MASTER_RATES'!A$9:F$12,4,FALSE),0)), "") -> 0.20740977 | M51: =IFERROR(IF(OR(C9="", K51="", L51=""), "", L51-K51), "") -> 0 | N51: =IFERROR(IF(C9="","", H51+K51), "") -> 0.43095541 | O51: =IFERROR(IF(C9="","", I51+L51), "") -> 0.43095541 | P51: =IFERROR(IF(C9="","", O51-N51), "") -> 0
A52: =IFERROR(IF(A10="","",A10),"") -> 6 | B52: =IFERROR(IF(B10="","",B10),"") -> 1. PRINTING Line | C52: =IFERROR(IF(C10="","",C10),"") -> Cleaning M/C(Back side) | D52: =IFERROR(IF(D10="","",D10),"") -> WC-PRT | E52: =IFERROR(IF(OR(C10="", F10="", H10="", F10=0, H10=0), "", E10/(F10*H10)), "") -> 0.00014492754 | F52: =IFERROR(IF(OR(C10="", G10="", I10="", G10=0, I10=0), "", E10/(G10*I10)), "") -> 0.00014492754 | G52: =IFERROR(IF(OR(C10="", E52="", F52=""), "", F52-E52), "") -> 0 | H52: =IFERROR(IF(OR(C10="", E52=""), "", E52*IFERROR(VLOOKUP(D10,'1_MASTER_RATES'!A$9:F$12,3,FALSE),0)), "") -> 0.01525942 | I52: =IFERROR(IF(OR(C10="", F52=""), "", F52*IFERROR(VLOOKUP(D10,'1_MASTER_RATES'!A$9:F$12,3,FALSE),0)), "") -> 0.01525942 | J52: =IFERROR(IF(OR(C10="", H52="", I52=""), "", I52-H52), "") -> 0 | K52: =IFERROR(IF(OR(C10="", E52=""), "", E52*IFERROR(VLOOKUP(D10,'1_MASTER_RATES'!A$9:F$12,4,FALSE),0)), "") -> 0.014157971 | L52: =IFERROR(IF(OR(C10="", F52=""), "", F52*IFERROR(VLOOKUP(D10,'1_MASTER_RATES'!A$9:F$12,4,FALSE),0)), "") -> 0.014157971 | M52: =IFERROR(IF(OR(C10="", K52="", L52=""), "", L52-K52), "") -> 0 | N52: =IFERROR(IF(C10="","", H52+K52), "") -> 0.029417391 | O52: =IFERROR(IF(C10="","", I52+L52), "") -> 0.029417391 | P52: =IFERROR(IF(C10="","", O52-N52), "") -> 0
A53: =IFERROR(IF(A11="","",A11),"") -> 7 | B53: =IFERROR(IF(B11="","",B11),"") -> 1. PRINTING Line | C53: =IFERROR(IF(C11="","",C11),"") -> Printing-BC | D53: =IFERROR(IF(D11="","",D11),"") -> WC-PRT | E53: =IFERROR(IF(OR(C11="", F11="", H11="", F11=0, H11=0), "", E11/(F11*H11)), "") -> 0.0020576132 | F53: =IFERROR(IF(OR(C11="", G11="", I11="", G11=0, I11=0), "", E11/(G11*I11)), "") -> 0.0020576132 | G53: =IFERROR(IF(OR(C11="", E53="", F53=""), "", F53-E53), "") -> 0 | H53: =IFERROR(IF(OR(C11="", E53=""), "", E53*IFERROR(VLOOKUP(D11,'1_MASTER_RATES'!A$9:F$12,3,FALSE),0)), "") -> 0.21664609 | I53: =IFERROR(IF(OR(C11="", F53=""), "", F53*IFERROR(VLOOKUP(D11,'1_MASTER_RATES'!A$9:F$12,3,FALSE),0)), "") -> 0.21664609 | J53: =IFERROR(IF(OR(C11="", H53="", I53=""), "", I53-H53), "") -> 0 | K53: =IFERROR(IF(OR(C11="", E53=""), "", E53*IFERROR(VLOOKUP(D11,'1_MASTER_RATES'!A$9:F$12,4,FALSE),0)), "") -> 0.20100823 | L53: =IFERROR(IF(OR(C11="", F53=""), "", F53*IFERROR(VLOOKUP(D11,'1_MASTER_RATES'!A$9:F$12,4,FALSE),0)), "") -> 0.20100823 | M53: =IFERROR(IF(OR(C11="", K53="", L53=""), "", L53-K53), "") -> 0 | N53: =IFERROR(IF(C11="","", H53+K53), "") -> 0.41765432 | O53: =IFERROR(IF(C11="","", I53+L53), "") -> 0.41765432 | P53: =IFERROR(IF(C11="","", O53-N53), "") -> 0
A54: =IFERROR(IF(A12="","",A12),"") -> 8 | B54: =IFERROR(IF(B12="","",B12),"") -> 1. PRINTING Line | C54: =IFERROR(IF(C12="","",C12),"") -> Cleaning M/C(Back side) | D54: =IFERROR(IF(D12="","",D12),"") -> WC-PRT | E54: =IFERROR(IF(OR(C12="", F12="", H12="", F12=0, H12=0), "", E12/(F12*H12)), "") -> 0.00014492754 | F54: =IFERROR(IF(OR(C12="", G12="", I12="", G12=0, I12=0), "", E12/(G12*I12)), "") -> 0.00014492754 | G54: =IFERROR(IF(OR(C12="", E54="", F54=""), "", F54-E54), "") -> 0 | H54: =IFERROR(IF(OR(C12="", E54=""), "", E54*IFERROR(VLOOKUP(D12,'1_MASTER_RATES'!A$9:F$12,3,FALSE),0)), "") -> 0.01525942 | I54: =IFERROR(IF(OR(C12="", F54=""), "", F54*IFERROR(VLOOKUP(D12,'1_MASTER_RATES'!A$9:F$12,3,FALSE),0)), "") -> 0.01525942 | J54: =IFERROR(IF(OR(C12="", H54="", I54=""), "", I54-H54), "") -> 0 | K54: =IFERROR(IF(OR(C12="", E54=""), "", E54*IFERROR(VLOOKUP(D12,'1_MASTER_RATES'!A$9:F$12,4,FALSE),0)), "") -> 0.014157971 | L54: =IFERROR(IF(OR(C12="", F54=""), "", F54*IFERROR(VLOOKUP(D12,'1_MASTER_RATES'!A$9:F$12,4,FALSE),0)), "") -> 0.014157971 | M54: =IFERROR(IF(OR(C12="", K54="", L54=""), "", L54-K54), "") -> 0 | N54: =IFERROR(IF(C12="","", H54+K54), "") -> 0.029417391 | O54: =IFERROR(IF(C12="","", I54+L54), "") -> 0.029417391 | P54: =IFERROR(IF(C12="","", O54-N54), "") -> 0
A55: =IFERROR(IF(A13="","",A13),"") -> 9 | B55: =IFERROR(IF(B13="","",B13),"") -> 1. PRINTING Line | C55: =IFERROR(IF(C13="","",C13),"") -> Printing-BUR1 | D55: =IFERROR(IF(D13="","",D13),"") -> WC-PRT | E55: =IFERROR(IF(OR(C13="", F13="", H13="", F13=0, H13=0), "", E13/(F13*H13)), "") -> 0.0016339869 | F55: =IFERROR(IF(OR(C13="", G13="", I13="", G13=0, I13=0), "", E13/(G13*I13)), "") -> 0.0016339869 | G55: =IFERROR(IF(OR(C13="", E55="", F55=""), "", F55-E55), "") -> 0 | H55: =IFERROR(IF(OR(C13="", E55=""), "", E55*IFERROR(VLOOKUP(D13,'1_MASTER_RATES'!A$9:F$12,3,FALSE),0)), "") -> 0.17204248 | I55: =IFERROR(IF(OR(C13="", F55=""), "", F55*IFERROR(VLOOKUP(D13,'1_MASTER_RATES'!A$9:F$12,3,FALSE),0)), "") -> 0.17204248 | J55: =IFERROR(IF(OR(C13="", H55="", I55=""), "", I55-H55), "") -> 0 | K55: =IFERROR(IF(OR(C13="", E55=""), "", E55*IFERROR(VLOOKUP(D13,'1_MASTER_RATES'!A$9:F$12,4,FALSE),0)), "") -> 0.15962418 | L55: =IFERROR(IF(OR(C13="", F55=""), "", F55*IFERROR(VLOOKUP(D13,'1_MASTER_RATES'!A$9:F$12,4,FALSE),0)), "") -> 0.15962418 | M55: =IFERROR(IF(OR(C13="", K55="", L55=""), "", L55-K55), "") -> 0 | N55: =IFERROR(IF(C13="","", H55+K55), "") -> 0.33166667 | O55: =IFERROR(IF(C13="","", I55+L55), "") -> 0.33166667 | P55: =IFERROR(IF(C13="","", O55-N55), "") -> 0
A56: =IFERROR(IF(A14="","",A14),"") -> 10 | B56: =IFERROR(IF(B14="","",B14),"") -> 1. PRINTING Line | C56: =IFERROR(IF(C14="","",C14),"") -> Cleaning M/C(Back side) | D56: =IFERROR(IF(D14="","",D14),"") -> WC-PRT | E56: =IFERROR(IF(OR(C14="", F14="", H14="", F14=0, H14=0), "", E14/(F14*H14)), "") -> 0.00014492754 | F56: =IFERROR(IF(OR(C14="", G14="", I14="", G14=0, I14=0), "", E14/(G14*I14)), "") -> 0.00014492754 | G56: =IFERROR(IF(OR(C14="", E56="", F56=""), "", F56-E56), "") -> 0 | H56: =IFERROR(IF(OR(C14="", E56=""), "", E56*IFERROR(VLOOKUP(D14,'1_MASTER_RATES'!A$9:F$12,3,FALSE),0)), "") -> 0.01525942 | I56: =IFERROR(IF(OR(C14="", F56=""), "", F56*IFERROR(VLOOKUP(D14,'1_MASTER_RATES'!A$9:F$12,3,FALSE),0)), "") -> 0.01525942 | J56: =IFERROR(IF(OR(C14="", H56="", I56=""), "", I56-H56), "") -> 0 | K56: =IFERROR(IF(OR(C14="", E56=""), "", E56*IFERROR(VLOOKUP(D14,'1_MASTER_RATES'!A$9:F$12,4,FALSE),0)), "") -> 0.014157971 | L56: =IFERROR(IF(OR(C14="", F56=""), "", F56*IFERROR(VLOOKUP(D14,'1_MASTER_RATES'!A$9:F$12,4,FALSE),0)), "") -> 0.014157971 | M56: =IFERROR(IF(OR(C14="", K56="", L56=""), "", L56-K56), "") -> 0 | N56: =IFERROR(IF(C14="","", H56+K56), "") -> 0.029417391 | O56: =IFERROR(IF(C14="","", I56+L56), "") -> 0.029417391 | P56: =IFERROR(IF(C14="","", O56-N56), "") -> 0
A57: =IFERROR(IF(A15="","",A15),"") -> 11 | B57: =IFERROR(IF(B15="","",B15),"") -> 1. PRINTING Line | C57: =IFERROR(IF(C15="","",C15),"") -> Printing-BUR2 | D57: =IFERROR(IF(D15="","",D15),"") -> WC-PRT | E57: =IFERROR(IF(OR(C15="", F15="", H15="", F15=0, H15=0), "", E15/(F15*H15)), "") -> 0.001497006 | F57: =IFERROR(IF(OR(C15="", G15="", I15="", G15=0, I15=0), "", E15/(G15*I15)), "") -> 0.001497006 | G57: =IFERROR(IF(OR(C15="", E57="", F57=""), "", F57-E57), "") -> 0 | H57: =IFERROR(IF(OR(C15="", E57=""), "", E57*IFERROR(VLOOKUP(D15,'1_MASTER_RATES'!A$9:F$12,3,FALSE),0)), "") -> 0.15761976 | I57: =IFERROR(IF(OR(C15="", F57=""), "", F57*IFERROR(VLOOKUP(D15,'1_MASTER_RATES'!A$9:F$12,3,FALSE),0)), "") -> 0.15761976 | J57: =IFERROR(IF(OR(C15="", H57="", I57=""), "", I57-H57), "") -> 0 | K57: =IFERROR(IF(OR(C15="", E57=""), "", E57*IFERROR(VLOOKUP(D15,'1_MASTER_RATES'!A$9:F$12,4,FALSE),0)), "") -> 0.14624251 | L57: =IFERROR(IF(OR(C15="", F57=""), "", F57*IFERROR(VLOOKUP(D15,'1_MASTER_RATES'!A$9:F$12,4,FALSE),0)), "") -> 0.14624251 | M57: =IFERROR(IF(OR(C15="", K57="", L57=""), "", L57-K57), "") -> 0 | N57: =IFERROR(IF(C15="","", H57+K57), "") -> 0.30386228 | O57: =IFERROR(IF(C15="","", I57+L57), "") -> 0.30386228 | P57: =IFERROR(IF(C15="","", O57-N57), "") -> 0
A58: =IFERROR(IF(A16="","",A16),"") -> 12 | B58: =IFERROR(IF(B16="","",B16),"") -> 1. PRINTING Line | C58: =IFERROR(IF(C16="","",C16),"") -> Cleaning M/C(Back side) | D58: =IFERROR(IF(D16="","",D16),"") -> WC-PRT | E58: =IFERROR(IF(OR(C16="", F16="", H16="", F16=0, H16=0), "", E16/(F16*H16)), "") -> 0.00014492754 | F58: =IFERROR(IF(OR(C16="", G16="", I16="", G16=0, I16=0), "", E16/(G16*I16)), "") -> 0.00014492754 | G58: =IFERROR(IF(OR(C16="", E58="", F58=""), "", F58-E58), "") -> 0 | H58: =IFERROR(IF(OR(C16="", E58=""), "", E58*IFERROR(VLOOKUP(D16,'1_MASTER_RATES'!A$9:F$12,3,FALSE),0)), "") -> 0.01525942 | I58: =IFERROR(IF(OR(C16="", F58=""), "", F58*IFERROR(VLOOKUP(D16,'1_MASTER_RATES'!A$9:F$12,3,FALSE),0)), "") -> 0.01525942 | J58: =IFERROR(IF(OR(C16="", H58="", I58=""), "", I58-H58), "") -> 0 | K58: =IFERROR(IF(OR(C16="", E58=""), "", E58*IFERROR(VLOOKUP(D16,'1_MASTER_RATES'!A$9:F$12,4,FALSE),0)), "") -> 0.014157971 | L58: =IFERROR(IF(OR(C16="", F58=""), "", F58*IFERROR(VLOOKUP(D16,'1_MASTER_RATES'!A$9:F$12,4,FALSE),0)), "") -> 0.014157971 | M58: =IFERROR(IF(OR(C16="", K58="", L58=""), "", L58-K58), "") -> 0 | N58: =IFERROR(IF(C16="","", H58+K58), "") -> 0.029417391 | O58: =IFERROR(IF(C16="","", I58+L58), "") -> 0.029417391 | P58: =IFERROR(IF(C16="","", O58-N58), "") -> 0
... A85: =IFERROR(IF(A43="","",A43),"") -> 39 | B85: =IFERROR(IF(B43="","",B43),"") -> 5. QA & Packing Line | C85: =IFERROR(IF(C43="","",C43),"") -> QA & Packing (VDO-Ins 1/2, QA Ins, Packing carton, Leader) | D85: =IFERROR(IF(D43="","",D43),"") -> WC-QAP | E85: =IFERROR(IF(OR(C43="", F43="", H43="", F43=0, H43=0), "", E43/(F43*H43)), "") -> 0.0089509488 | F85: =IFERROR(IF(OR(C43="", G43="", I43="", G43=0, I43=0), "", E43/(G43*I43)), "") -> 0.0089509488 | G85: =IFERROR(IF(OR(C43="", E85="", F85=""), "", F85-E85), "") -> 0 | H85: =IFERROR(IF(OR(C43="", E85=""), "", E85*IFERROR(VLOOKUP(D43,'1_MASTER_RATES'!A$9:F$12,3,FALSE),0)), "") -> 0.9424454 | I85: =IFERROR(IF(OR(C43="", F85=""), "", F85*IFERROR(VLOOKUP(D43,'1_MASTER_RATES'!A$9:F$12,3,FALSE),0)), "") -> 0.9424454 | J85: =IFERROR(IF(OR(C43="", H85="", I85=""), "", I85-H85), "") -> 0 | K85: =IFERROR(IF(OR(C43="", E85=""), "", E85*IFERROR(VLOOKUP(D43,'1_MASTER_RATES'!A$9:F$12,4,FALSE),0)), "") -> 0.7406015 | L85: =IFERROR(IF(OR(C43="", F85=""), "", F85*IFERROR(VLOOKUP(D43,'1_MASTER_RATES'!A$9:F$12,4,FALSE),0)), "") -> 0.7406015 | M85: =IFERROR(IF(OR(C43="", K85="", L85=""), "", L85-K85), "") -> 0 | N85: =IFERROR(IF(C43="","", H85+K85), "") -> 1.6830469 | O85: =IFERROR(IF(C43="","", I85+L85), "") -> 1.6830469 | P85: =IFERROR(IF(C43="","", O85-N85), "") -> 0
A86: Total | B86: Total Processing Cost | H86: =IFERROR(IF(SUM(H47:H85)=0, "", SUM(H47:H85)), "") -> 7.1870851 | I86: =IFERROR(IF(SUM(I47:I85)=0, "", SUM(I47:I85)), "") -> 7.8626696 | J86: =IFERROR(IF(SUM(J47:J85)=0, "", SUM(J47:J85)), "") -> 0.67558448 | K86: =IFERROR(IF(SUM(K47:K85)=0, "", SUM(K47:K85)), "") -> 6.3833729 | L86: =IFERROR(IF(SUM(L47:L85)=0, "", SUM(L47:L85)), "") -> 6.9668176 | M86: =IFERROR(IF(SUM(M47:M85)=0, "", SUM(M47:M85)), "") -> 0.58344474 | N86: =IFERROR(IF(SUM(N47:N85)=0, "", SUM(N47:N85)), "") -> 13.570458 | O86: =IFERROR(IF(SUM(O47:O85)=0, "", SUM(O47:O85)), "") -> 14.829487 | P86: =IFERROR(IF(SUM(P47:P85)=0, "", SUM(P47:P85)), "") -> 1.2590292

Sheet _CALC_ENGINE
A1: ID | B1: Stream | C1: Category | D1: Driver Name | E1: RCA Parameter | F1: Base Parameter | G1: Active Parameter | H1: Cost Gap (THB) | I1: Score
A2: 1 | B2: Material | C2: ="Direct Material" -> Direct Material | D2: =IFERROR('2_BOM_BREAKDOWN'!C5,"") -> DOTITE XA-3645 Conductive Silver Paste Ink | E2: =IFERROR(IF('2_BOM_BREAKDOWN'!G5>'2_BOM_BREAKDOWN'!F5,"Unit Price Inflation ($"&TEXT('2_BOM_BREAKDOWN'!F5,"#,##0.00")&" ➔ $"&TEXT('2_BOM_BREAKDOWN'!G5,"#,##0.00")&")",IF('2_BOM_BREAKDOWN'!I5>'2_BOM_BREAKDOWN'!H5,"Loss % Increase","Material Variance")),"") -> Unit Price Inflation ($150.00 ➔ $545.60) | F2: =IFERROR('2_BOM_BREAKDOWN'!F5,"") -> 150 | G2: =IFERROR('2_BOM_BREAKDOWN'!G5,"") -> 545.6 | H2: =IFERROR('2_BOM_BREAKDOWN'!H18,0) -> 1.79998 | I2: =IFERROR(H2+(49-A2)*0.00000001, 0) -> 1.7999805
A3: 2 | B3: Material | C3: ="Direct Material" -> Direct Material | D3: =IFERROR('2_BOM_BREAKDOWN'!C6,"") -> FEC-4023 Carbon Resistive Paste Ink | E3: =IFERROR(IF('2_BOM_BREAKDOWN'!G6>'2_BOM_BREAKDOWN'!F6,"Unit Price Inflation ($"&TEXT('2_BOM_BREAKDOWN'!F6,"#,##0.00")&" ➔ $"&TEXT('2_BOM_BREAKDOWN'!G6,"#,##0.00")&")",IF('2_BOM_BREAKDOWN'!I6>'2_BOM_BREAKDOWN'!H6,"Loss % Increase","Material Variance")),"") -> Material Variance | F3: =IFERROR('2_BOM_BREAKDOWN'!F6,"") -> 85 | G3: =IFERROR('2_BOM_BREAKDOWN'!G6,"") -> 85 | H3: =IFERROR('2_BOM_BREAKDOWN'!H19,0) -> 0 | I3: =IFERROR(H3+(49-A3)*0.00000001, 0) -> 4.7e-07
A4: 3 | B4: Material | C4: ="Direct Material" -> Direct Material | D4: =IFERROR('2_BOM_BREAKDOWN'!C7,"") -> PTF-3201N UV Dielectric Insulating Paste | E4: =IFERROR(IF('2_BOM_BREAKDOWN'!G7>'2_BOM_BREAKDOWN'!F7,"Unit Price Inflation ($"&TEXT('2_BOM_BREAKDOWN'!F7,"#,##0.00")&" ➔ $"&TEXT('2_BOM_BREAKDOWN'!G7,"#,##0.00")&")",IF('2_BOM_BREAKDOWN'!I7>'2_BOM_BREAKDOWN'!H7,"Loss % Increase","Material Variance")),"") -> Material Variance | F4: =IFERROR('2_BOM_BREAKDOWN'!F7,"") -> 45 | G4: =IFERROR('2_BOM_BREAKDOWN'!G7,"") -> 45 | H4: =IFERROR('2_BOM_BREAKDOWN'!H20,0) -> 0 | I4: =IFERROR(H4+(49-A4)*0.00000001, 0) -> 4.6e-07
A5: 4 | B5: Material | C5: ="Direct Material" -> Direct Material | D5: =IFERROR('2_BOM_BREAKDOWN'!C8,"") -> PET Film FPE-1100 (25um Base Film) | E5: =IFERROR(IF('2_BOM_BREAKDOWN'!G8>'2_BOM_BREAKDOWN'!F8,"Unit Price Inflation ($"&TEXT('2_BOM_BREAKDOWN'!F8,"#,##0.00")&" ➔ $"&TEXT('2_BOM_BREAKDOWN'!G8,"#,##0.00")&")",IF('2_BOM_BREAKDOWN'!I8>'2_BOM_BREAKDOWN'!H8,"Loss % Increase","Material Variance")),"") -> Material Variance | F5: =IFERROR('2_BOM_BREAKDOWN'!F8,"") -> 380 | G5: =IFERROR('2_BOM_BREAKDOWN'!G8,"") -> 380 | H5: =IFERROR('2_BOM_BREAKDOWN'!H21,0) -> 0 | I5: =IFERROR(H5+(49-A5)*0.00000001, 0) -> 4.5e-07
A6: 5 | B6: Material | C6: ="Direct Material" -> Direct Material | D6: =IFERROR('2_BOM_BREAKDOWN'!C9,"") -> Front Graphic Overlay Hardcoat Film | E6: =IFERROR(IF('2_BOM_BREAKDOWN'!G9>'2_BOM_BREAKDOWN'!F9,"Unit Price Inflation ($"&TEXT('2_BOM_BREAKDOWN'!F9,"#,##0.00")&" ➔ $"&TEXT('2_BOM_BREAKDOWN'!G9,"#,##0.00")&")",IF('2_BOM_BREAKDOWN'!I9>'2_BOM_BREAKDOWN'!H9,"Loss % Increase","Material Variance")),"") -> Material Variance | F6: =IFERROR('2_BOM_BREAKDOWN'!F9,"") -> 420 | G6: =IFERROR('2_BOM_BREAKDOWN'!G9,"") -> 420 | H6: =IFERROR('2_BOM_BREAKDOWN'!H22,0) -> 0 | I6: =IFERROR(H6+(49-A6)*0.00000001, 0) -> 4.4e-07
A7: 6 | B7: Material | C7: ="Direct Material" -> Direct Material | D7: =IFERROR('2_BOM_BREAKDOWN'!C10,"") -> High-Tack Acrylic Spacer Tape 3M | E7: =IFERROR(IF('2_BOM_BREAKDOWN'!G10>'2_BOM_BREAKDOWN'!F10,"Unit Price Inflation ($"&TEXT('2_BOM_BREAKDOWN'!F10,"#,##0.00")&" ➔ $"&TEXT('2_BOM_BREAKDOWN'!G10,"#,##0.00")&")",IF('2_BOM_BREAKDOWN'!I10>'2_BOM_BREAKDOWN'!H10,"Loss % Increase","Material Variance")),"") -> Material Variance | F7: =IFERROR('2_BOM_BREAKDOWN'!F10,"") -> 280 | G7: =IFERROR('2_BOM_BREAKDOWN'!G10,"") -> 280 | H7: =IFERROR('2_BOM_BREAKDOWN'!H23,0) -> 0 | I7: =IFERROR(H7+(49-A7)*0.00000001, 0) -> 4.3e-07
A8: 7 | B8: Material | C8: ="Direct Material" -> Direct Material | D8: =IFERROR('2_BOM_BREAKDOWN'!C11,"") -> Conductive Anti-Static Shield Bag | E8: =IFERROR(IF('2_BOM_BREAKDOWN'!G11>'2_BOM_BREAKDOWN'!F11,"Unit Price Inflation ($"&TEXT('2_BOM_BREAKDOWN'!F11,"#,##0.00")&" ➔ $"&TEXT('2_BOM_BREAKDOWN'!G11,"#,##0.00")&")",IF('2_BOM_BREAKDOWN'!I11>'2_BOM_BREAKDOWN'!H11,"Loss % Increase","Material Variance")),"") -> Material Variance | F8: =IFERROR('2_BOM_BREAKDOWN'!F11,"") -> 0.85 | G8: =IFERROR('2_BOM_BREAKDOWN'!G11,"") -> 0.85 | H8: =IFERROR('2_BOM_BREAKDOWN'!H24,0) -> 0 | I8: =IFERROR(H8+(49-A8)*0.00000001, 0) -> 4.2e-07
A9: 8 | B9: Material | C9: ="Direct Material" -> Direct Material | D9: =IFERROR('2_BOM_BREAKDOWN'!C12,"") -> Silica Gel Desiccant 5g Pack | E9: =IFERROR(IF('2_BOM_BREAKDOWN'!G12>'2_BOM_BREAKDOWN'!F12,"Unit Price Inflation ($"&TEXT('2_BOM_BREAKDOWN'!F12,"#,##0.00")&" ➔ $"&TEXT('2_BOM_BREAKDOWN'!G12,"#,##0.00")&")",IF('2_BOM_BREAKDOWN'!I12>'2_BOM_BREAKDOWN'!H12,"Loss % Increase","Material Variance")),"") -> Material Variance | F9: =IFERROR('2_BOM_BREAKDOWN'!F12,"") -> 0.35 | G9: =IFERROR('2_BOM_BREAKDOWN'!G12,"") -> 0.35 | H9: =IFERROR('2_BOM_BREAKDOWN'!H25,0) -> 0 | I9: =IFERROR(H9+(49-A9)*0.00000001, 0) -> 4.1e-07
A10: 9 | B10: Material | C10: ="Direct Material" -> Direct Material | D10: =IFERROR('2_BOM_BREAKDOWN'!C13,"") -> Export Corrugated Shipping Carton | E10: =IFERROR(IF('2_BOM_BREAKDOWN'!G13>'2_BOM_BREAKDOWN'!F13,"Unit Price Inflation ($"&TEXT('2_BOM_BREAKDOWN'!F13,"#,##0.00")&" ➔ $"&TEXT('2_BOM_BREAKDOWN'!G13,"#,##0.00")&")",IF('2_BOM_BREAKDOWN'!I13>'2_BOM_BREAKDOWN'!H13,"Loss % Increase","Material Variance")),"") -> Material Variance | F10: =IFERROR('2_BOM_BREAKDOWN'!F13,"") -> 42 | G10: =IFERROR('2_BOM_BREAKDOWN'!G13,"") -> 42 | H10: =IFERROR('2_BOM_BREAKDOWN'!H26,0) -> 0 | I10: =IFERROR(H10+(49-A10)*0.00000001, 0) -> 4e-07
A11: 10 | B11: Material | C11: ="Direct Material" -> Direct Material | D11: =IFERROR('2_BOM_BREAKDOWN'!C14,"") -> Terminal Pin Connector Clip (Ag Plated) | E11: =IFERROR(IF('2_BOM_BREAKDOWN'!G14>'2_BOM_BREAKDOWN'!F14,"Unit Price Inflation ($"&TEXT('2_BOM_BREAKDOWN'!F14,"#,##0.00")&" ➔ $"&TEXT('2_BOM_BREAKDOWN'!G14,"#,##0.00")&")",IF('2_BOM_BREAKDOWN'!I14>'2_BOM_BREAKDOWN'!H14,"Loss % Increase","Material Variance")),"") -> Material Variance | F11: =IFERROR('2_BOM_BREAKDOWN'!F14,"") -> 0.12 | G11: =IFERROR('2_BOM_BREAKDOWN'!G14,"") -> 0.12 | H11: =IFERROR('2_BOM_BREAKDOWN'!H27,0) -> 0 | I11: =IFERROR(H11+(49-A11)*0.00000001, 0) -> 3.9e-07
A12: 11 | B12: Process | C12: =IFERROR('3_ROUTING_BREAKDOWN'!B5,"") -> 1. PRINTING Line | D12: =IFERROR('3_ROUTING_BREAKDOWN'!C5,"") -> Cutting | E12: =IFERROR(IF('3_ROUTING_BREAKDOWN'!I5<'3_ROUTING_BREAKDOWN'!H5,"Yield Drop ("&TEXT('3_ROUTING_BREAKDOWN'!H5,"0.0%")&" ➔ "&TEXT('3_ROUTING_BREAKDOWN'!I5,"0.0%")&")",IF('3_ROUTING_BREAKDOWN'!G5<'3_ROUTING_BREAKDOWN'!F5,"Capacity Drop","Process Variance")),"") -> Process Variance | F12: =IFERROR(IF('3_ROUTING_BREAKDOWN'!I5<'3_ROUTING_BREAKDOWN'!H5,'3_ROUTING_BREAKDOWN'!H5,'3_ROUTING_BREAKDOWN'!F5),"") -> 6180 | G12: =IFERROR(IF('3_ROUTING_BREAKDOWN'!I5<'3_ROUTING_BREAKDOWN'!H5,'3_ROUTING_BREAKDOWN'!I5,'3_ROUTING_BREAKDOWN'!G5),"") -> 6180 | H12: =IFERROR('3_ROUTING_BREAKDOWN'!P47,0) -> 0 | I12: =IFERROR(H12+(49-A12)*0.00000001, 0) -> 3.8e-07
A13: 12 | B13: Process | C13: =IFERROR('3_ROUTING_BREAKDOWN'!B6,"") -> 1. PRINTING Line | D13: =IFERROR('3_ROUTING_BREAKDOWN'!C6,"") -> Annealing | E13: =IFERROR(IF('3_ROUTING_BREAKDOWN'!I6<'3_ROUTING_BREAKDOWN'!H6,"Yield Drop ("&TEXT('3_ROUTING_BREAKDOWN'!H6,"0.0%")&" ➔ "&TEXT('3_ROUTING_BREAKDOWN'!I6,"0.0%")&")",IF('3_ROUTING_BREAKDOWN'!G6<'3_ROUTING_BREAKDOWN'!F6,"Capacity Drop","Process Variance")),"") -> Process Variance | F13: =IFERROR(IF('3_ROUTING_BREAKDOWN'!I6<'3_ROUTING_BREAKDOWN'!H6,'3_ROUTING_BREAKDOWN'!H6,'3_ROUTING_BREAKDOWN'!F6),"") -> 2520 | G13: =IFERROR(IF('3_ROUTING_BREAKDOWN'!I6<'3_ROUTING_BREAKDOWN'!H6,'3_ROUTING_BREAKDOWN'!I6,'3_ROUTING_BREAKDOWN'!G6),"") -> 2520 | H13: =IFERROR('3_ROUTING_BREAKDOWN'!P48,0) -> 0 | I13: =IFERROR(H13+(49-A13)*0.00000001, 0) -> 3.7e-07
A14: 13 | B14: Process | C14: =IFERROR('3_ROUTING_BREAKDOWN'!B7,"") -> 1. PRINTING Line | D14: =IFERROR('3_ROUTING_BREAKDOWN'!C7,"") -> Re-anneal#1 | E14: =IFERROR(IF('3_ROUTING_BREAKDOWN'!I7<'3_ROUTING_BREAKDOWN'!H7,"Yield Drop ("&TEXT('3_ROUTING_BREAKDOWN'!H7,"0.0%")&" ➔ "&TEXT('3_ROUTING_BREAKDOWN'!I7,"0.0%")&")",IF('3_ROUTING_BREAKDOWN'!G7<'3_ROUTING_BREAKDOWN'!F7,"Capacity Drop","Process Variance")),"") -> Process Variance | F14: =IFERROR(IF('3_ROUTING_BREAKDOWN'!I7<'3_ROUTING_BREAKDOWN'!H7,'3_ROUTING_BREAKDOWN'!H7,'3_ROUTING_BREAKDOWN'!F7),"") -> 2340 | G14: =IFERROR(IF('3_ROUTING_BREAKDOWN'!I7<'3_ROUTING_BREAKDOWN'!H7,'3_ROUTING_BREAKDOWN'!I7,'3_ROUTING_BREAKDOWN'!G7),"") -> 2340 | H14: =IFERROR('3_ROUTING_BREAKDOWN'!P49,0) -> 0 | I14: =IFERROR(H14+(49-A14)*0.00000001, 0) -> 3.6e-07
A15: 14 | B15: Process | C15: =IFERROR('3_ROUTING_BREAKDOWN'!B8,"") -> 1. PRINTING Line | D15: =IFERROR('3_ROUTING_BREAKDOWN'!C8,"") -> Cleaning M/C(Back side) | E15: =IFERROR(IF('3_ROUTING_BREAKDOWN'!I8<'3_ROUTING_BREAKDOWN'!H8,"Yield Drop ("&TEXT('3_ROUTING_BREAKDOWN'!H8,"0.0%")&" ➔ "&TEXT('3_ROUTING_BREAKDOWN'!I8,"0.0%")&")",IF('3_ROUTING_BREAKDOWN'!G8<'3_ROUTING_BREAKDOWN'!F8,"Capacity Drop","Process Variance")),"") -> Process Variance | F15: =IFERROR(IF('3_ROUTING_BREAKDOWN'!I8<'3_ROUTING_BREAKDOWN'!H8,'3_ROUTING_BREAKDOWN'!H8,'3_ROUTING_BREAKDOWN'!F8),"") -> 6900 | G15: =IFERROR(IF('3_ROUTING_BREAKDOWN'!I8<'3_ROUTING_BREAKDOWN'!H8,'3_ROUTING_BREAKDOWN'!I8,'3_ROUTING_BREAKDOWN'!G8),"") -> 6900 | H15: =IFERROR('3_ROUTING_BREAKDOWN'!P50,0) -> 0 | I15: =IFERROR(H15+(49-A15)*0.00000001, 0) -> 3.5e-07
A16: 15 | B16: Process | C16: =IFERROR('3_ROUTING_BREAKDOWN'!B9,"") -> 1. PRINTING Line | D16: =IFERROR('3_ROUTING_BREAKDOWN'!C9,"") -> Printing-BAg | E16: =IFERROR(IF('3_ROUTING_BREAKDOWN'!I9<'3_ROUTING_BREAKDOWN'!H9,"Yield Drop ("&TEXT('3_ROUTING_BREAKDOWN'!H9,"0.0%")&" ➔ "&TEXT('3_ROUTING_BREAKDOWN'!I9,"0.0%")&")",IF('3_ROUTING_BREAKDOWN'!G9<'3_ROUTING_BREAKDOWN'!F9,"Capacity Drop","Process Variance")),"") -> Process Variance | F16: =IFERROR(IF('3_ROUTING_BREAKDOWN'!I9<'3_ROUTING_BREAKDOWN'!H9,'3_ROUTING_BREAKDOWN'!H9,'3_ROUTING_BREAKDOWN'!F9),"") -> 1884 | G16: =IFERROR(IF('3_ROUTING_BREAKDOWN'!I9<'3_ROUTING_BREAKDOWN'!H9,'3_ROUTING_BREAKDOWN'!I9,'3_ROUTING_BREAKDOWN'!G9),"") -> 1884 | H16: =IFERROR('3_ROUTING_BREAKDOWN'!P51,0) -> 0 | I16: =IFERROR(H16+(49-A16)*0.00000001, 0) -> 3.4e-07
A17: 16 | B17: Process | C17: =IFERROR('3_ROUTING_BREAKDOWN'!B10,"") -> 1. PRINTING Line | D17: =IFERROR('3_ROUTING_BREAKDOWN'!C10,"") -> Cleaning M/C(Back side) | E17: =IFERROR(IF('3_ROUTING_BREAKDOWN'!I10<'3_ROUTING_BREAKDOWN'!H10,"Yield Drop ("&TEXT('3_ROUTING_BREAKDOWN'!H10,"0.0%")&" ➔ "&TEXT('3_ROUTING_BREAKDOWN'!I10,"0.0%")&")",IF('3_ROUTING_BREAKDOWN'!G10<'3_ROUTING_BREAKDOWN'!F10,"Capacity Drop","Process Variance")),"") -> Process Variance | F17: =IFERROR(IF('3_ROUTING_BREAKDOWN'!I10<'3_ROUTING_BREAKDOWN'!H10,'3_ROUTING_BREAKDOWN'!H10,'3_ROUTING_BREAKDOWN'!F10),"") -> 6900 | G17: =IFERROR(IF('3_ROUTING_BREAKDOWN'!I10<'3_ROUTING_BREAKDOWN'!H10,'3_ROUTING_BREAKDOWN'!I10,'3_ROUTING_BREAKDOWN'!G10),"") -> 6900 | H17: =IFERROR('3_ROUTING_BREAKDOWN'!P52,0) -> 0 | I17: =IFERROR(H17+(49-A17)*0.00000001, 0) -> 3.3e-07
A18: 17 | B18: Process | C18: =IFERROR('3_ROUTING_BREAKDOWN'!B11,"") -> 1. PRINTING Line | D18: =IFERROR('3_ROUTING_BREAKDOWN'!C11,"") -> Printing-BC | E18: =IFERROR(IF('3_ROUTING_BREAKDOWN'!I11<'3_ROUTING_BREAKDOWN'!H11,"Yield Drop ("&TEXT('3_ROUTING_BREAKDOWN'!H11,"0.0%")&" ➔ "&TEXT('3_ROUTING_BREAKDOWN'!I11,"0.0%")&")",IF('3_ROUTING_BREAKDOWN'!G11<'3_ROUTING_BREAKDOWN'!F11,"Capacity Drop","Process Variance")),"") -> Process Variance | F18: =IFERROR(IF('3_ROUTING_BREAKDOWN'!I11<'3_ROUTING_BREAKDOWN'!H11,'3_ROUTING_BREAKDOWN'!H11,'3_ROUTING_BREAKDOWN'!F11),"") -> 1944 | G18: =IFERROR(IF('3_ROUTING_BREAKDOWN'!I11<'3_ROUTING_BREAKDOWN'!H11,'3_ROUTING_BREAKDOWN'!I11,'3_ROUTING_BREAKDOWN'!G11),"") -> 1944 | H18: =IFERROR('3_ROUTING_BREAKDOWN'!P53,0) -> 0 | I18: =IFERROR(H18+(49-A18)*0.00000001, 0) -> 3.2e-07
A19: 18 | B19: Process | C19: =IFERROR('3_ROUTING_BREAKDOWN'!B12,"") -> 1. PRINTING Line | D19: =IFERROR('3_ROUTING_BREAKDOWN'!C12,"") -> Cleaning M/C(Back side) | E19: =IFERROR(IF('3_ROUTING_BREAKDOWN'!I12<'3_ROUTING_BREAKDOWN'!H12,"Yield Drop ("&TEXT('3_ROUTING_BREAKDOWN'!H12,"0.0%")&" ➔ "&TEXT('3_ROUTING_BREAKDOWN'!I12,"0.0%")&")",IF('3_ROUTING_BREAKDOWN'!G12<'3_ROUTING_BREAKDOWN'!F12,"Capacity Drop","Process Variance")),"") -> Process Variance | F19: =IFERROR(IF('3_ROUTING_BREAKDOWN'!I12<'3_ROUTING_BREAKDOWN'!H12,'3_ROUTING_BREAKDOWN'!H12,'3_ROUTING_BREAKDOWN'!F12),"") -> 6900 | G19: =IFERROR(IF('3_ROUTING_BREAKDOWN'!I12<'3_ROUTING_BREAKDOWN'!H12,'3_ROUTING_BREAKDOWN'!I12,'3_ROUTING_BREAKDOWN'!G12),"") -> 6900 | H19: =IFERROR('3_ROUTING_BREAKDOWN'!P54,0) -> 0 | I19: =IFERROR(H19+(49-A19)*0.00000001, 0) -> 3.1e-07
A20: 19 | B20: Process | C20: =IFERROR('3_ROUTING_BREAKDOWN'!B13,"") -> 1. PRINTING Line | D20: =IFERROR('3_ROUTING_BREAKDOWN'!C13,"") -> Printing-BUR1 | E20: =IFERROR(IF('3_ROUTING_BREAKDOWN'!I13<'3_ROUTING_BREAKDOWN'!H13,"Yield Drop ("&TEXT('3_ROUTING_BREAKDOWN'!H13,"0.0%")&" ➔ "&TEXT('3_ROUTING_BREAKDOWN'!I13,"0.0%")&")",IF('3_ROUTING_BREAKDOWN'!G13<'3_ROUTING_BREAKDOWN'!F13,"Capacity Drop","Process Variance")),"") -> Process Variance | F20: =IFERROR(IF('3_ROUTING_BREAKDOWN'!I13<'3_ROUTING_BREAKDOWN'!H13,'3_ROUTING_BREAKDOWN'!H13,'3_ROUTING_BREAKDOWN'!F13),"") -> 1836 | G20: =IFERROR(IF('3_ROUTING_BREAKDOWN'!I13<'3_ROUTING_BREAKDOWN'!H13,'3_ROUTING_BREAKDOWN'!I13,'3_ROUTING_BREAKDOWN'!G13),"") -> 1836 | H20: =IFERROR('3_ROUTING_BREAKDOWN'!P55,0) -> 0 | I20: =IFERROR(H20+(49-A20)*0.00000001, 0) -> 3e-07
A21: 20 | B21: Process | C21: =IFERROR('3_ROUTING_BREAKDOWN'!B14,"") -> 1. PRINTING Line | D21: =IFERROR('3_ROUTING_BREAKDOWN'!C14,"") -> Cleaning M/C(Back side) | E21: =IFERROR(IF('3_ROUTING_BREAKDOWN'!I14<'3_ROUTING_BREAKDOWN'!H14,"Yield Drop ("&TEXT('3_ROUTING_BREAKDOWN'!H14,"0.0%")&" ➔ "&TEXT('3_ROUTING_BREAKDOWN'!I14,"0.0%")&")",IF('3_ROUTING_BREAKDOWN'!G14<'3_ROUTING_BREAKDOWN'!F14,"Capacity Drop","Process Variance")),"") -> Process Variance | F21: =IFERROR(IF('3_ROUTING_BREAKDOWN'!I14<'3_ROUTING_BREAKDOWN'!H14,'3_ROUTING_BREAKDOWN'!H14,'3_ROUTING_BREAKDOWN'!F14),"") -> 6900 | G21: =IFERROR(IF('3_ROUTING_BREAKDOWN'!I14<'3_ROUTING_BREAKDOWN'!H14,'3_ROUTING_BREAKDOWN'!I14,'3_ROUTING_BREAKDOWN'!G14),"") -> 6900 | H21: =IFERROR('3_ROUTING_BREAKDOWN'!P56,0) -> 0 | I21: =IFERROR(H21+(49-A21)*0.00000001, 0) -> 2.9e-07
A22: 21 | B22: Process | C22: =IFERROR('3_ROUTING_BREAKDOWN'!B15,"") -> 1. PRINTING Line | D22: =IFERROR('3_ROUTING_BREAKDOWN'!C15,"") -> Printing-BUR2 | E22: =IFERROR(IF('3_ROUTING_BREAKDOWN'!I15<'3_ROUTING_BREAKDOWN'!H15,"Yield Drop ("&TEXT('3_ROUTING_BREAKDOWN'!H15,"0.0%")&" ➔ "&TEXT('3_ROUTING_BREAKDOWN'!I15,"0.0%")&")",IF('3_ROUTING_BREAKDOWN'!G15<'3_ROUTING_BREAKDOWN'!F15,"Capacity Drop","Process Variance")),"") -> Process Variance | F22: =IFERROR(IF('3_ROUTING_BREAKDOWN'!I15<'3_ROUTING_BREAKDOWN'!H15,'3_ROUTING_BREAKDOWN'!H15,'3_ROUTING_BREAKDOWN'!F15),"") -> 2004 | G22: =IFERROR(IF('3_ROUTING_BREAKDOWN'!I15<'3_ROUTING_BREAKDOWN'!H15,'3_ROUTING_BREAKDOWN'!I15,'3_ROUTING_BREAKDOWN'!G15),"") -> 2004 | H22: =IFERROR('3_ROUTING_BREAKDOWN'!P57,0) -> 0 | I22: =IFERROR(H22+(49-A22)*0.00000001, 0) -> 2.8e-07
A23: 22 | B23: Process | C23: =IFERROR('3_ROUTING_BREAKDOWN'!B16,"") -> 1. PRINTING Line | D23: =IFERROR('3_ROUTING_BREAKDOWN'!C16,"") -> Cleaning M/C(Back side) | E23: =IFERROR(IF('3_ROUTING_BREAKDOWN'!I16<'3_ROUTING_BREAKDOWN'!H16,"Yield Drop ("&TEXT('3_ROUTING_BREAKDOWN'!H16,"0.0%")&" ➔ "&TEXT('3_ROUTING_BREAKDOWN'!I16,"0.0%")&")",IF('3_ROUTING_BREAKDOWN'!G16<'3_ROUTING_BREAKDOWN'!F16,"Capacity Drop","Process Variance")),"") -> Process Variance | F23: =IFERROR(IF('3_ROUTING_BREAKDOWN'!I16<'3_ROUTING_BREAKDOWN'!H16,'3_ROUTING_BREAKDOWN'!H16,'3_ROUTING_BREAKDOWN'!F16),"") -> 6900 | G23: =IFERROR(IF('3_ROUTING_BREAKDOWN'!I16<'3_ROUTING_BREAKDOWN'!H16,'3_ROUTING_BREAKDOWN'!I16,'3_ROUTING_BREAKDOWN'!G16),"") -> 6900 | H23: =IFERROR('3_ROUTING_BREAKDOWN'!P58,0) -> 0 | I23: =IFERROR(H23+(49-A23)*0.00000001, 0) -> 2.7e-07
... A50: 49 | B50: Process | C50: =IFERROR('3_ROUTING_BREAKDOWN'!B43,"") -> 5. QA & Packing Line | D50: =IFERROR('3_ROUTING_BREAKDOWN'!C43,"") -> QA & Packing (VDO-Ins 1/2, QA Ins, Packing carton, Leader) | E50: =IFERROR(IF('3_ROUTING_BREAKDOWN'!I43<'3_ROUTING_BREAKDOWN'!H43,"Yield Drop ("&TEXT('3_ROUTING_BREAKDOWN'!H43,"0.0%")&" ➔ "&TEXT('3_ROUTING_BREAKDOWN'!I43,"0.0%")&")",IF('3_ROUTING_BREAKDOWN'!G43<'3_ROUTING_BREAKDOWN'!F43,"Capacity Drop","Process Variance")),"") -> Process Variance | F50: =IFERROR(IF('3_ROUTING_BREAKDOWN'!I43<'3_ROUTING_BREAKDOWN'!H43,'3_ROUTING_BREAKDOWN'!H43,'3_ROUTING_BREAKDOWN'!F43),"") -> 560 | G50: =IFERROR(IF('3_ROUTING_BREAKDOWN'!I43<'3_ROUTING_BREAKDOWN'!H43,'3_ROUTING_BREAKDOWN'!I43,'3_ROUTING_BREAKDOWN'!G43),"") -> 560 | H50: =IFERROR('3_ROUTING_BREAKDOWN'!P85,0) -> 0 | I50: =IFERROR(H50+(49-A50)*0.00000001, 0) -> 0

Sheet 4_SUMMARY_&_COMPARISON
A1: COST SUMMARY & VARIANCE COMPARISON
A3: REFERENCE STANDARD VS CURRENT STANDARD (THB / Unit)
A4: Cost Element | B4: Baseline Ref Std (THB) | C4: Active Current Std (THB) | D4: Variance (Δ THB) | E4: % Variance | F4: Level Reference
A5: Material | B5: =IFERROR('2_BOM_BREAKDOWN'!D28, 0) -> 18.8753 | C5: =IFERROR('2_BOM_BREAKDOWN'!E28, 0) -> 20.67528 | D5: =IFERROR(C5-B5, 0) -> 1.79998 | E5: =IFERROR(IF(B5>0, D5/B5, 0), 0) -> 0.095361663 | F5: Level 1
A6: Labor | B6: =IFERROR('3_ROUTING_BREAKDOWN'!H86, 0) -> 7.1870851 | C6: =IFERROR('3_ROUTING_BREAKDOWN'!I86, 0) -> 7.8626696 | D6: =IFERROR(C6-B6, 0) -> 0.67558448 | E6: =IFERROR(IF(B6>0, D6/B6, 0), 0) -> 0.093999789 | F6: Level 1
A7: Burden | B7: =IFERROR('3_ROUTING_BREAKDOWN'!K86, 0) -> 6.3833729 | C7: =IFERROR('3_ROUTING_BREAKDOWN'!L86, 0) -> 6.9668176 | D7: =IFERROR(C7-B7, 0) -> 0.58344474 | E7: =IFERROR(IF(B7>0, D7/B7, 0), 0) -> 0.091400699 | F7: Level 1
A8: Std Total | B8: =IFERROR(SUM(B5:B7), 0) -> 32.445758 | C8: =IFERROR(SUM(C5:C7), 0) -> 35.504767 | D8: =IFERROR(C8-B8, 0) -> 3.0590092 | E8: =IFERROR(IF(B8>0, D8/B8, 0), 0) -> 0.094280714 | F8: Level 0
A11: TOP COST DRIVERS (LEVEL 2 ➔ LEVEL 3 ➔ LEVEL 4 RCA)
A12: Rank | B12: Level 2 Category | C12: Level 3 Cost Driver (Item / Station) | D12: Level 4 RCA Parameter Changed | E12: Base Parameter | F12: Active Parameter | G12: Cost Gap (THB/Unit) | H12: % Contribution | I12: Controllability | J12: Remark
A13: #1 | B13: =IFERROR(IF(G13="","", INDEX(_CALC_ENGINE!$C$2:$C$50, MATCH(LARGE(_CALC_ENGINE!$I$2:$I$50, 1), _CALC_ENGINE!$I$2:$I$50, 0))), "") -> Direct Material | C13: =IFERROR(IF(G13="","", INDEX(_CALC_ENGINE!$D$2:$D$50, MATCH(LARGE(_CALC_ENGINE!$I$2:$I$50, 1), _CALC_ENGINE!$I$2:$I$50, 0))), "") -> DOTITE XA-3645 Conductive Silver Paste Ink | D13: =IFERROR(IF(G13="","", INDEX(_CALC_ENGINE!$E$2:$E$50, MATCH(LARGE(_CALC_ENGINE!$I$2:$I$50, 1), _CALC_ENGINE!$I$2:$I$50, 0))), "") -> Unit Price Inflation ($150.00 ➔ $545.60) | E13: =IFERROR(IF(G13="","", INDEX(_CALC_ENGINE!$F$2:$F$50, MATCH(LARGE(_CALC_ENGINE!$I$2:$I$50, 1), _CALC_ENGINE!$I$2:$I$50, 0))), "") -> 150 | F13: =IFERROR(IF(G13="","", INDEX(_CALC_ENGINE!$G$2:$G$50, MATCH(LARGE(_CALC_ENGINE!$I$2:$I$50, 1), _CALC_ENGINE!$I$2:$I$50, 0))), "") -> 545.6 | G13: =IFERROR(IF(LARGE(_CALC_ENGINE!$I$2:$I$50, 1)>0.000001, INDEX(_CALC_ENGINE!$H$2:$H$50, MATCH(LARGE(_CALC_ENGINE!$I$2:$I$50, 1), _CALC_ENGINE!$I$2:$I$50, 0)), ""), "") -> 1.79998 | H13: =IFERROR(IF(OR(G13="", $D$8<=0), "", G13/$D$8), "") -> 0.58841928 | I13: =IFERROR(IF(G13="","", IF(J13="","Controllable","Uncontrollable")), "") -> Uncontrollable | J13: Customer Approved Drawing Spec
A14: #2 | B14: =IFERROR(IF(G14="","", INDEX(_CALC_ENGINE!$C$2:$C$50, MATCH(LARGE(_CALC_ENGINE!$I$2:$I$50, 2), _CALC_ENGINE!$I$2:$I$50, 0))), "") -> 3. Digital Assembly Line | C14: =IFERROR(IF(G14="","", INDEX(_CALC_ENGINE!$D$2:$D$50, MATCH(LARGE(_CALC_ENGINE!$I$2:$I$50, 2), _CALC_ENGINE!$I$2:$I$50, 0))), "") -> AI-Ins | D14: =IFERROR(IF(G14="","", INDEX(_CALC_ENGINE!$E$2:$E$50, MATCH(LARGE(_CALC_ENGINE!$I$2:$I$50, 2), _CALC_ENGINE!$I$2:$I$50, 0))), "") -> Yield Drop (100.0% ➔ 74.0%) | E14: =IFERROR(IF(G14="","", INDEX(_CALC_ENGINE!$F$2:$F$50, MATCH(LARGE(_CALC_ENGINE!$I$2:$I$50, 2), _CALC_ENGINE!$I$2:$I$50, 0))), "") -> 1 | F14: =IFERROR(IF(G14="","", INDEX(_CALC_ENGINE!$G$2:$G$50, MATCH(LARGE(_CALC_ENGINE!$I$2:$I$50, 2), _CALC_ENGINE!$I$2:$I$50, 0))), "") -> 0.74 | G14: =IFERROR(IF(LARGE(_CALC_ENGINE!$I$2:$I$50, 2)>0.000001, INDEX(_CALC_ENGINE!$H$2:$H$50, MATCH(LARGE(_CALC_ENGINE!$I$2:$I$50, 2), _CALC_ENGINE!$I$2:$I$50, 0)), ""), "") -> 0.45961441 | H14: =IFERROR(IF(OR(G14="", $D$8<=0), "", G14/$D$8), "") -> 0.15024944 | I14: =IFERROR(IF(G14="","", IF(J14="","Controllable","Uncontrollable")), "") -> Controllable
A15: #3 | B15: =IFERROR(IF(G15="","", INDEX(_CALC_ENGINE!$C$2:$C$50, MATCH(LARGE(_CALC_ENGINE!$I$2:$I$50, 3), _CALC_ENGINE!$I$2:$I$50, 0))), "") -> 3. Digital Assembly Line | C15: =IFERROR(IF(G15="","", INDEX(_CALC_ENGINE!$D$2:$D$50, MATCH(LARGE(_CALC_ENGINE!$I$2:$I$50, 3), _CALC_ENGINE!$I$2:$I$50, 0))), "") -> VDO-ins I | D15: =IFERROR(IF(G15="","", INDEX(_CALC_ENGINE!$E$2:$E$50, MATCH(LARGE(_CALC_ENGINE!$I$2:$I$50, 3), _CALC_ENGINE!$I$2:$I$50, 0))), "") -> Yield Drop (100.0% ➔ 84.0%) | E15: =IFERROR(IF(G15="","", INDEX(_CALC_ENGINE!$F$2:$F$50, MATCH(LARGE(_CALC_ENGINE!$I$2:$I$50, 3), _CALC_ENGINE!$I$2:$I$50, 0))), "") -> 1 | F15: =IFERROR(IF(G15="","", INDEX(_CALC_ENGINE!$G$2:$G$50, MATCH(LARGE(_CALC_ENGINE!$I$2:$I$50, 3), _CALC_ENGINE!$I$2:$I$50, 0))), "") -> 0.84 | G15: =IFERROR(IF(LARGE(_CALC_ENGINE!$I$2:$I$50, 3)>0.000001, INDEX(_CALC_ENGINE!$H$2:$H$50, MATCH(LARGE(_CALC_ENGINE!$I$2:$I$50, 3), _CALC_ENGINE!$I$2:$I$50, 0)), ""), "") -> 0.24916825 | H15: =IFERROR(IF(OR(G15="", $D$8<=0), "", G15/$D$8), "") -> 0.081453907 | I15: =IFERROR(IF(G15="","", IF(J15="","Controllable","Uncontrollable")), "") -> Controllable
A16: #4 | B16: =IFERROR(IF(G16="","", INDEX(_CALC_ENGINE!$C$2:$C$50, MATCH(LARGE(_CALC_ENGINE!$I$2:$I$50, 4), _CALC_ENGINE!$I$2:$I$50, 0))), "") -> 3. Digital Assembly Line | C16: =IFERROR(IF(G16="","", INDEX(_CALC_ENGINE!$D$2:$D$50, MATCH(LARGE(_CALC_ENGINE!$I$2:$I$50, 4), _CALC_ENGINE!$I$2:$I$50, 0))), "") -> E-ins II (Capacitive) | D16: =IFERROR(IF(G16="","", INDEX(_CALC_ENGINE!$E$2:$E$50, MATCH(LARGE(_CALC_ENGINE!$I$2:$I$50, 4), _CALC_ENGINE!$I$2:$I$50, 0))), "") -> Yield Drop (100.0% ➔ 90.0%) | E16: =IFERROR(IF(G16="","", INDEX(_CALC_ENGINE!$F$2:$F$50, MATCH(LARGE(_CALC_ENGINE!$I$2:$I$50, 4), _CALC_ENGINE!$I$2:$I$50, 0))), "") -> 1 | F16: =IFERROR(IF(G16="","", INDEX(_CALC_ENGINE!$G$2:$G$50, MATCH(LARGE(_CALC_ENGINE!$I$2:$I$50, 4), _CALC_ENGINE!$I$2:$I$50, 0))), "") -> 0.9 | G16: =IFERROR(IF(LARGE(_CALC_ENGINE!$I$2:$I$50, 4)>0.000001, INDEX(_CALC_ENGINE!$H$2:$H$50, MATCH(LARGE(_CALC_ENGINE!$I$2:$I$50, 4), _CALC_ENGINE!$I$2:$I$50, 0)), ""), "") -> 0.14534815 | H16: =IFERROR(IF(OR(G16="", $D$8<=0), "", G16/$D$8), "") -> 0.047514779 | I16: =IFERROR(IF(G16="","", IF(J16="","Controllable","Uncontrollable")), "") -> Controllable
A17: #5 | B17: =IFERROR(IF(G17="","", INDEX(_CALC_ENGINE!$C$2:$C$50, MATCH(LARGE(_CALC_ENGINE!$I$2:$I$50, 5), _CALC_ENGINE!$I$2:$I$50, 0))), "") -> 3. Digital Assembly Line | C17: =IFERROR(IF(G17="","", INDEX(_CALC_ENGINE!$D$2:$D$50, MATCH(LARGE(_CALC_ENGINE!$I$2:$I$50, 5), _CALC_ENGINE!$I$2:$I$50, 0))), "") -> P-ins | D17: =IFERROR(IF(G17="","", INDEX(_CALC_ENGINE!$E$2:$E$50, MATCH(LARGE(_CALC_ENGINE!$I$2:$I$50, 5), _CALC_ENGINE!$I$2:$I$50, 0))), "") -> Yield Drop (100.0% ➔ 84.0%) | E17: =IFERROR(IF(G17="","", INDEX(_CALC_ENGINE!$F$2:$F$50, MATCH(LARGE(_CALC_ENGINE!$I$2:$I$50, 5), _CALC_ENGINE!$I$2:$I$50, 0))), "") -> 1 | F17: =IFERROR(IF(G17="","", INDEX(_CALC_ENGINE!$G$2:$G$50, MATCH(LARGE(_CALC_ENGINE!$I$2:$I$50, 5), _CALC_ENGINE!$I$2:$I$50, 0))), "") -> 0.84 | G17: =IFERROR(IF(LARGE(_CALC_ENGINE!$I$2:$I$50, 5)>0.000001, INDEX(_CALC_ENGINE!$H$2:$H$50, MATCH(LARGE(_CALC_ENGINE!$I$2:$I$50, 5), _CALC_ENGINE!$I$2:$I$50, 0)), ""), "") -> 0.12458413 | H17: =IFERROR(IF(OR(G17="", $D$8<=0), "", G17/$D$8), "") -> 0.040726954 | I17: =IFERROR(IF(G17="","", IF(J17="","Controllable","Uncontrollable")), "") -> Controllable
A18: #6 | B18: =IFERROR(IF(G18="","", INDEX(_CALC_ENGINE!$C$2:$C$50, MATCH(LARGE(_CALC_ENGINE!$I$2:$I$50, 6), _CALC_ENGINE!$I$2:$I$50, 0))), "") -> 3. Digital Assembly Line | C18: =IFERROR(IF(G18="","", INDEX(_CALC_ENGINE!$D$2:$D$50, MATCH(LARGE(_CALC_ENGINE!$I$2:$I$50, 6), _CALC_ENGINE!$I$2:$I$50, 0))), "") -> E-ins I (Insulation) | D18: =IFERROR(IF(G18="","", INDEX(_CALC_ENGINE!$E$2:$E$50, MATCH(LARGE(_CALC_ENGINE!$I$2:$I$50, 6), _CALC_ENGINE!$I$2:$I$50, 0))), "") -> Yield Drop (100.0% ➔ 90.0%) | E18: =IFERROR(IF(G18="","", INDEX(_CALC_ENGINE!$F$2:$F$50, MATCH(LARGE(_CALC_ENGINE!$I$2:$I$50, 6), _CALC_ENGINE!$I$2:$I$50, 0))), "") -> 1 | F18: =IFERROR(IF(G18="","", INDEX(_CALC_ENGINE!$G$2:$G$50, MATCH(LARGE(_CALC_ENGINE!$I$2:$I$50, 6), _CALC_ENGINE!$I$2:$I$50, 0))), "") -> 0.9 | G18: =IFERROR(IF(LARGE(_CALC_ENGINE!$I$2:$I$50, 6)>0.000001, INDEX(_CALC_ENGINE!$H$2:$H$50, MATCH(LARGE(_CALC_ENGINE!$I$2:$I$50, 6), _CALC_ENGINE!$I$2:$I$50, 0)), ""), "") -> 0.072674074 | H18: =IFERROR(IF(OR(G18="", $D$8<=0), "", G18/$D$8), "") -> 0.02375739 | I18: =IFERROR(IF(G18="","", IF(J18="","Controllable","Uncontrollable")), "") -> Controllable
A19: #7 | B19: =IFERROR(IF(G19="","", INDEX(_CALC_ENGINE!$C$2:$C$50, MATCH(LARGE(_CALC_ENGINE!$I$2:$I$50, 7), _CALC_ENGINE!$I$2:$I$50, 0))), "") -> 3. Digital Assembly Line | C19: =IFERROR(IF(G19="","", INDEX(_CALC_ENGINE!$D$2:$D$50, MATCH(LARGE(_CALC_ENGINE!$I$2:$I$50, 7), _CALC_ENGINE!$I$2:$I$50, 0))), "") -> V-Ins | D19: =IFERROR(IF(G19="","", INDEX(_CALC_ENGINE!$E$2:$E$50, MATCH(LARGE(_CALC_ENGINE!$I$2:$I$50, 7), _CALC_ENGINE!$I$2:$I$50, 0))), "") -> Yield Drop (100.0% ➔ 90.0%) | E19: =IFERROR(IF(G19="","", INDEX(_CALC_ENGINE!$F$2:$F$50, MATCH(LARGE(_CALC_ENGINE!$I$2:$I$50, 7), _CALC_ENGINE!$I$2:$I$50, 0))), "") -> 1 | F19: =IFERROR(IF(G19="","", INDEX(_CALC_ENGINE!$G$2:$G$50, MATCH(LARGE(_CALC_ENGINE!$I$2:$I$50, 7), _CALC_ENGINE!$I$2:$I$50, 0))), "") -> 0.9 | G19: =IFERROR(IF(LARGE(_CALC_ENGINE!$I$2:$I$50, 7)>0.000001, INDEX(_CALC_ENGINE!$H$2:$H$50, MATCH(LARGE(_CALC_ENGINE!$I$2:$I$50, 7), _CALC_ENGINE!$I$2:$I$50, 0)), ""), "") -> 0.072674074 | H19: =IFERROR(IF(OR(G19="", $D$8<=0), "", G19/$D$8), "") -> 0.02375739 | I19: =IFERROR(IF(G19="","", IF(J19="","Controllable","Uncontrollable")), "") -> Controllable
A20: #8 | B20: =IFERROR(IF(G20="","", INDEX(_CALC_ENGINE!$C$2:$C$50, MATCH(LARGE(_CALC_ENGINE!$I$2:$I$50, 8), _CALC_ENGINE!$I$2:$I$50, 0))), "") -> 3. Digital Assembly Line | C20: =IFERROR(IF(G20="","", INDEX(_CALC_ENGINE!$D$2:$D$50, MATCH(LARGE(_CALC_ENGINE!$I$2:$I$50, 8), _CALC_ENGINE!$I$2:$I$50, 0))), "") -> Outline Blanking | D20: =IFERROR(IF(G20="","", INDEX(_CALC_ENGINE!$E$2:$E$50, MATCH(LARGE(_CALC_ENGINE!$I$2:$I$50, 8), _CALC_ENGINE!$I$2:$I$50, 0))), "") -> Yield Drop (100.0% ➔ 84.0%) | E20: =IFERROR(IF(G20="","", INDEX(_CALC_ENGINE!$F$2:$F$50, MATCH(LARGE(_CALC_ENGINE!$I$2:$I$50, 8), _CALC_ENGINE!$I$2:$I$50, 0))), "") -> 1 | F20: =IFERROR(IF(G20="","", INDEX(_CALC_ENGINE!$G$2:$G$50, MATCH(LARGE(_CALC_ENGINE!$I$2:$I$50, 8), _CALC_ENGINE!$I$2:$I$50, 0))), "") -> 0.84 | G20: =IFERROR(IF(LARGE(_CALC_ENGINE!$I$2:$I$50, 8)>0.000001, INDEX(_CALC_ENGINE!$H$2:$H$50, MATCH(LARGE(_CALC_ENGINE!$I$2:$I$50, 8), _CALC_ENGINE!$I$2:$I$50, 0)), ""), "") -> 0.062292063 | H20: =IFERROR(IF(OR(G20="", $D$8<=0), "", G20/$D$8), "") -> 0.020363477 | I20: =IFERROR(IF(G20="","", IF(J20="","Controllable","Uncontrollable")), "") -> Controllable
A21: #9 | B21: =IFERROR(IF(G21="","", INDEX(_CALC_ENGINE!$C$2:$C$50, MATCH(LARGE(_CALC_ENGINE!$I$2:$I$50, 9), _CALC_ENGINE!$I$2:$I$50, 0))), "") -> 3. Digital Assembly Line | C21: =IFERROR(IF(G21="","", INDEX(_CALC_ENGINE!$D$2:$D$50, MATCH(LARGE(_CALC_ENGINE!$I$2:$I$50, 9), _CALC_ENGINE!$I$2:$I$50, 0))), "") -> Blanking-ins | D21: =IFERROR(IF(G21="","", INDEX(_CALC_ENGINE!$E$2:$E$50, MATCH(LARGE(_CALC_ENGINE!$I$2:$I$50, 9), _CALC_ENGINE!$I$2:$I$50, 0))), "") -> Yield Drop (100.0% ➔ 90.0%) | E21: =IFERROR(IF(G21="","", INDEX(_CALC_ENGINE!$F$2:$F$50, MATCH(LARGE(_CALC_ENGINE!$I$2:$I$50, 9), _CALC_ENGINE!$I$2:$I$50, 0))), "") -> 1 | F21: =IFERROR(IF(G21="","", INDEX(_CALC_ENGINE!$G$2:$G$50, MATCH(LARGE(_CALC_ENGINE!$I$2:$I$50, 9), _CALC_ENGINE!$I$2:$I$50, 0))), "") -> 0.9 | G21: =IFERROR(IF(LARGE(_CALC_ENGINE!$I$2:$I$50, 9)>0.000001, INDEX(_CALC_ENGINE!$H$2:$H$50, MATCH(LARGE(_CALC_ENGINE!$I$2:$I$50, 9), _CALC_ENGINE!$I$2:$I$50, 0)), ""), "") -> 0.036337037 | H21: =IFERROR(IF(OR(G21="", $D$8<=0), "", G21/$D$8), "") -> 0.011878695 | I21: =IFERROR(IF(G21="","", IF(J21="","Controllable","Uncontrollable")), "") -> Controllable
A22: #10 | B22: =IFERROR(IF(G22="","", INDEX(_CALC_ENGINE!$C$2:$C$50, MATCH(LARGE(_CALC_ENGINE!$I$2:$I$50, 10), _CALC_ENGINE!$I$2:$I$50, 0))), "") -> 3. Digital Assembly Line | C22: =IFERROR(IF(G22="","", INDEX(_CALC_ENGINE!$D$2:$D$50, MATCH(LARGE(_CALC_ENGINE!$I$2:$I$50, 10), _CALC_ENGINE!$I$2:$I$50, 0))), "") -> VDO-ins II (SN code & C peel off) | D22: =IFERROR(IF(G22="","", INDEX(_CALC_ENGINE!$E$2:$E$50, MATCH(LARGE(_CALC_ENGINE!$I$2:$I$50, 10), _CALC_ENGINE!$I$2:$I$50, 0))), "") -> Yield Drop (100.0% ➔ 90.0%) | E22: =IFERROR(IF(G22="","", INDEX(_CALC_ENGINE!$F$2:$F$50, MATCH(LARGE(_CALC_ENGINE!$I$2:$I$50, 10), _CALC_ENGINE!$I$2:$I$50, 0))), "") -> 1 | F22: =IFERROR(IF(G22="","", INDEX(_CALC_ENGINE!$G$2:$G$50, MATCH(LARGE(_CALC_ENGINE!$I$2:$I$50, 10), _CALC_ENGINE!$I$2:$I$50, 0))), "") -> 0.9 | G22: =IFERROR(IF(LARGE(_CALC_ENGINE!$I$2:$I$50, 10)>0.000001, INDEX(_CALC_ENGINE!$H$2:$H$50, MATCH(LARGE(_CALC_ENGINE!$I$2:$I$50, 10), _CALC_ENGINE!$I$2:$I$50, 0)), ""), "") -> 0.036337037 | H22: =IFERROR(IF(OR(G22="", $D$8<=0), "", G22/$D$8), "") -> 0.011878695 | I22: =IFERROR(IF(G22="","", IF(J22="","Controllable","Uncontrollable")), "") -> Controllable
