Workbook

Sheet 1_INPUT_DATA
A1: MASTER OPERATIONAL INPUT DATA
A3: PRODUCT INFO
A4: Product Code | B4: Product Name / Description | C4: UOM | D4: Source Reference
A5: RGOM-024 | C5: PC | D5: Cost declare 250331
A7: WORK CENTER RATES
A8: Work Center | B8: Department Description | C8: Labor Rate (THB/MHr) | D8: Burden Rate (THB/MHr) | E8: Effective Date | F8: Source Reference
A9: BZP01 | B9: Cleanroom Printing Line | C9: 102.9 | D9: 79.66 | E9: 2026-07-01 | F9: Cost declare Rate Sheet
A10: BFK01 | B10: Fabrication & Die-Cutting Line | C10: 102.9 | D10: 79.66 | E10: 2026-07-01 | F10: Cost declare Rate Sheet
A11: BFP01 | B11: Final Assembly & Lamination Line | C11: 102.9 | D11: 79.66 | E11: 2026-07-01 | F11: Cost declare Rate Sheet
A12: BPP01 | B12: Cleanroom Inspection & Packing | C12: 102.9 | D12: 79.66 | E12: 2026-07-01 | F12: Cost declare Rate Sheet
A14: BOM
A15: Item No | B15: Material Description | C15: Material Code | D15: Consumption | E15: UOM | F15: Base Price | G15: Active Price | H15: Base Loss % | I15: Active Loss % | J15: Source Reference
A16: 1 | B16: DOTITE XA-3645 Conductive Silver Paste Ink | C16: RMMBA1020 | D16: 0.0035 | E16: GM | F16: 150 | G16: 545.6 | H16: 0.3 | I16: 0.3 | J16: Price List 07-26
A17: 2 | B17: FEC-4023 Carbon Resistive Paste Ink | C17: RMMBA1030 | D17: 0.002 | E17: GM | F17: 85 | G17: 85 | H17: 0.3 | I17: 0.3 | J17: Price List 07-26
A18: 3 | B18: PTF-3201N UV Dielectric Insulating Paste | C18: RMMBA1040 | D18: 0.005 | E18: GM | F18: 45 | G18: 45 | H18: 0.3 | I18: 0.3 | J18: Price List 07-26
A19: 4 | B19: PET Film FPE-1100 (25um Base Film) | C19: RMPET1010 | D19: 0.0125 | E19: SM | F19: 380 | G19: 380 | H19: 0.15 | I19: 0.15 | J19: Price List 07-26
A20: 5 | B20: Front Graphic Overlay Hardcoat Film | C20: RMCVR2010 | D20: 0.0125 | E20: SM | F20: 420 | G20: 420 | H20: 0.15 | I20: 0.15 | J20: Price List 07-26
A21: 6 | B21: High-Tack Acrylic Spacer Tape 3M | C21: RMADH3010 | D21: 0.0125 | E21: SM | F21: 280 | G21: 280 | H21: 0.15 | I21: 0.15 | J21: Price List 07-26
A22: 7 | B22: Conductive Anti-Static Shield Bag | C22: RMPCK4010 | D22: 1 | E22: PC | F22: 0.85 | G22: 0.85 | H22: 0.05 | I22: 0.05 | J22: Price List 07-26
A23: 8 | B23: Silica Gel Desiccant 5g Pack | C23: RMPCK4020 | D23: 1 | E23: PC | F23: 0.35 | G23: 0.35 | H23: 0.02 | I23: 0.02 | J23: Price List 07-26
A24: 9 | B24: Export Corrugated Shipping Carton | C24: RMPCK4030 | D24: 0.01 | E24: PC | F24: 42 | G24: 42 | H24: 0 | I24: 0 | J24: Price List 07-26
A25: 10 | B25: Terminal Pin Connector Clip (Ag Plated) | C25: RMMBA1050 | D25: 4 | E25: PC | F25: 0.118 | G25: 0.118 | H25: 0.01 | I25: 0.01 | J25: Price List 07-26
A27: ROUTING | D27: Remark: 1.MHr here in call "Machine and Man" working hour
A28: Sequence | B28: Process Name | C28: Work Center | D28: MHr | E28: Base Cap (pc/hr) | F28: Active Cap (pc/hr) | G28: Base Cycle Time (s) | H28: Active Cycle Time (s) | I28: Base Yield (%) | J28: Active Yield (%) | K28: Source Reference
A29: 10 | B29: PET Film Precision Sheet Cutting | C29: BZP01 | D29: 1 | E29: 1200 | F29: 1200 | G29: 3 | H29: 3 | I29: 0.98 | J29: 0.98 | K29: Cost declare 250331
A30: 20 | B30: Optical Surface Cleaning & De-ion | C30: BZP01 | D30: 1 | E30: 1200 | F30: 1200 | G30: 3 | H30: 3 | I30: 0.98 | J30: 0.98 | K30: Cost declare 250331
A31: 30 | B31: Alignment Guide Punching | C31: BZP01 | D31: 1 | E31: 1000 | F31: 1000 | G31: 3.6 | H31: 3.6 | I31: 0.98 | J31: 0.98 | K31: Cost declare 250331
A32: 40 | B32: Silver Conductor Circuit Screen Print | C32: BZP01 | D32: 2 | E32: 600 | F32: 600 | G32: 6 | H32: 6 | I32: 0.95 | J32: 0.9 | K32: QCF-LPN-MB-MRGOM-0024-1
A33: 50 | B33: Continuous Hot Air Curing | C33: BZP01 | D33: 1 | E33: 800 | F33: 800 | G33: 4.5 | H33: 4.5 | I33: 0.98 | J33: 0.98 | K33: Cost declare 250331
A34: 60 | B34: Carbon Overcoat Screen Print | C34: BZP01 | D34: 2 | E34: 600 | F34: 600 | G34: 6 | H34: 6 | I34: 0.95 | J34: 0.9 | K34: QCF-LPN-MB-MRGOM-0024-1
A35: 70 | B35: Electrical Function Test & AOI | C35: BZP01 | D35: 1 | E35: 900 | F35: 900 | G35: 4 | H35: 4 | I35: 0.98 | J35: 0.98 | K35: Cost declare 250331
A36: 80 | B36: Graphic Overlay Silk Screen Print | C36: BFK01 | D36: 2 | E36: 550 | F36: 550 | G36: 6.5 | H36: 6.5 | I36: 0.96 | J36: 0.96 | K36: Cost declare 250331
A37: 90 | B37: Spacer Tape Die-Cutting & Punch | C37: BFK01 | D37: 1 | E37: 800 | F37: 800 | G37: 4.5 | H37: 4.5 | I37: 0.97 | J37: 0.97 | K37: Cost declare 250331
A38: 100 | B38: Automated Sheet Lamination | C38: BFP01 | D38: 2 | E38: 450 | F38: 450 | G38: 8 | H38: 8 | I38: 0.97 | J38: 0.97 | K38: Cost declare 250331
A39: 110 | B39: Actuation Force & Function QA | C39: BFP01 | D39: 1 | E39: 600 | F39: 600 | G39: 6 | H39: 6 | I39: 0.98 | J39: 0.98 | K39: Cost declare 250331
A40: 120 | B40: Poly-bagging & Carton Packing | C40: BPP01 | D40: 1 | E40: 750 | F40: 750 | G40: 4.8 | H40: 4.8 | I40: 0.99 | J40: 0.99 | K40: Cost declare 250331

Sheet 2_COST_BREAKDOWN
A1: PRODUCT COST BREAKDOWN & VARIANCE
A3: DIRECT MATERIAL COST (BOM)
A4: Item No | B4: Material Description | C4: Material Code | D4: Base Cost (฿) | E4: Active Cost (฿) | F4: Price Var (MPV) (฿) | G4: Loss Var (MLV) (฿) | H4: Total Mat Var (Δ ฿)
A5: =IFERROR(IF('1_INPUT_DATA'!A16="","",'1_INPUT_DATA'!A16),"") -> 1 | B5: =IFERROR(IF('1_INPUT_DATA'!B16="","",'1_INPUT_DATA'!B16),"") -> DOTITE XA-3645 Conductive Silver Paste Ink | C5: =IFERROR(IF('1_INPUT_DATA'!C16="","",'1_INPUT_DATA'!C16),"") -> RMMBA1020 | D5: =IFERROR(IF('1_INPUT_DATA'!C16="","", '1_INPUT_DATA'!D16*'1_INPUT_DATA'!F16*(1+'1_INPUT_DATA'!H16)),"") -> 0.6825 | E5: =IFERROR(IF('1_INPUT_DATA'!C16="","", '1_INPUT_DATA'!D16*'1_INPUT_DATA'!G16*(1+'1_INPUT_DATA'!I16)),"") -> 2.48248 | F5: =IFERROR(IF('1_INPUT_DATA'!C16="","", ('1_INPUT_DATA'!G16-'1_INPUT_DATA'!F16)*'1_INPUT_DATA'!D16*(1+'1_INPUT_DATA'!I16)),"") -> 1.79998 | G5: =IFERROR(IF('1_INPUT_DATA'!C16="","", ('1_INPUT_DATA'!I16-'1_INPUT_DATA'!H16)*'1_INPUT_DATA'!D16*'1_INPUT_DATA'!F16),"") -> 0 | H5: =IFERROR(IF('1_INPUT_DATA'!C16="","", E5-D5),"") -> 1.79998
A6: =IFERROR(IF('1_INPUT_DATA'!A17="","",'1_INPUT_DATA'!A17),"") -> 2 | B6: =IFERROR(IF('1_INPUT_DATA'!B17="","",'1_INPUT_DATA'!B17),"") -> FEC-4023 Carbon Resistive Paste Ink | C6: =IFERROR(IF('1_INPUT_DATA'!C17="","",'1_INPUT_DATA'!C17),"") -> RMMBA1030 | D6: =IFERROR(IF('1_INPUT_DATA'!C17="","", '1_INPUT_DATA'!D17*'1_INPUT_DATA'!F17*(1+'1_INPUT_DATA'!H17)),"") -> 0.221 | E6: =IFERROR(IF('1_INPUT_DATA'!C17="","", '1_INPUT_DATA'!D17*'1_INPUT_DATA'!G17*(1+'1_INPUT_DATA'!I17)),"") -> 0.221 | F6: =IFERROR(IF('1_INPUT_DATA'!C17="","", ('1_INPUT_DATA'!G17-'1_INPUT_DATA'!F17)*'1_INPUT_DATA'!D17*(1+'1_INPUT_DATA'!I17)),"") -> 0 | G6: =IFERROR(IF('1_INPUT_DATA'!C17="","", ('1_INPUT_DATA'!I17-'1_INPUT_DATA'!H17)*'1_INPUT_DATA'!D17*'1_INPUT_DATA'!F17),"") -> 0 | H6: =IFERROR(IF('1_INPUT_DATA'!C17="","", E6-D6),"") -> 0
A7: =IFERROR(IF('1_INPUT_DATA'!A18="","",'1_INPUT_DATA'!A18),"") -> 3 | B7: =IFERROR(IF('1_INPUT_DATA'!B18="","",'1_INPUT_DATA'!B18),"") -> PTF-3201N UV Dielectric Insulating Paste | C7: =IFERROR(IF('1_INPUT_DATA'!C18="","",'1_INPUT_DATA'!C18),"") -> RMMBA1040 | D7: =IFERROR(IF('1_INPUT_DATA'!C18="","", '1_INPUT_DATA'!D18*'1_INPUT_DATA'!F18*(1+'1_INPUT_DATA'!H18)),"") -> 0.2925 | E7: =IFERROR(IF('1_INPUT_DATA'!C18="","", '1_INPUT_DATA'!D18*'1_INPUT_DATA'!G18*(1+'1_INPUT_DATA'!I18)),"") -> 0.2925 | F7: =IFERROR(IF('1_INPUT_DATA'!C18="","", ('1_INPUT_DATA'!G18-'1_INPUT_DATA'!F18)*'1_INPUT_DATA'!D18*(1+'1_INPUT_DATA'!I18)),"") -> 0 | G7: =IFERROR(IF('1_INPUT_DATA'!C18="","", ('1_INPUT_DATA'!I18-'1_INPUT_DATA'!H18)*'1_INPUT_DATA'!D18*'1_INPUT_DATA'!F18),"") -> 0 | H7: =IFERROR(IF('1_INPUT_DATA'!C18="","", E7-D7),"") -> 0
A8: =IFERROR(IF('1_INPUT_DATA'!A19="","",'1_INPUT_DATA'!A19),"") -> 4 | B8: =IFERROR(IF('1_INPUT_DATA'!B19="","",'1_INPUT_DATA'!B19),"") -> PET Film FPE-1100 (25um Base Film) | C8: =IFERROR(IF('1_INPUT_DATA'!C19="","",'1_INPUT_DATA'!C19),"") -> RMPET1010 | D8: =IFERROR(IF('1_INPUT_DATA'!C19="","", '1_INPUT_DATA'!D19*'1_INPUT_DATA'!F19*(1+'1_INPUT_DATA'!H19)),"") -> 5.4625 | E8: =IFERROR(IF('1_INPUT_DATA'!C19="","", '1_INPUT_DATA'!D19*'1_INPUT_DATA'!G19*(1+'1_INPUT_DATA'!I19)),"") -> 5.4625 | F8: =IFERROR(IF('1_INPUT_DATA'!C19="","", ('1_INPUT_DATA'!G19-'1_INPUT_DATA'!F19)*'1_INPUT_DATA'!D19*(1+'1_INPUT_DATA'!I19)),"") -> 0 | G8: =IFERROR(IF('1_INPUT_DATA'!C19="","", ('1_INPUT_DATA'!I19-'1_INPUT_DATA'!H19)*'1_INPUT_DATA'!D19*'1_INPUT_DATA'!F19),"") -> 0 | H8: =IFERROR(IF('1_INPUT_DATA'!C19="","", E8-D8),"") -> 0
A9: =IFERROR(IF('1_INPUT_DATA'!A20="","",'1_INPUT_DATA'!A20),"") -> 5 | B9: =IFERROR(IF('1_INPUT_DATA'!B20="","",'1_INPUT_DATA'!B20),"") -> Front Graphic Overlay Hardcoat Film | C9: =IFERROR(IF('1_INPUT_DATA'!C20="","",'1_INPUT_DATA'!C20),"") -> RMCVR2010 | D9: =IFERROR(IF('1_INPUT_DATA'!C20="","", '1_INPUT_DATA'!D20*'1_INPUT_DATA'!F20*(1+'1_INPUT_DATA'!H20)),"") -> 6.0375 | E9: =IFERROR(IF('1_INPUT_DATA'!C20="","", '1_INPUT_DATA'!D20*'1_INPUT_DATA'!G20*(1+'1_INPUT_DATA'!I20)),"") -> 6.0375 | F9: =IFERROR(IF('1_INPUT_DATA'!C20="","", ('1_INPUT_DATA'!G20-'1_INPUT_DATA'!F20)*'1_INPUT_DATA'!D20*(1+'1_INPUT_DATA'!I20)),"") -> 0 | G9: =IFERROR(IF('1_INPUT_DATA'!C20="","", ('1_INPUT_DATA'!I20-'1_INPUT_DATA'!H20)*'1_INPUT_DATA'!D20*'1_INPUT_DATA'!F20),"") -> 0 | H9: =IFERROR(IF('1_INPUT_DATA'!C20="","", E9-D9),"") -> 0
A10: =IFERROR(IF('1_INPUT_DATA'!A21="","",'1_INPUT_DATA'!A21),"") -> 6 | B10: =IFERROR(IF('1_INPUT_DATA'!B21="","",'1_INPUT_DATA'!B21),"") -> High-Tack Acrylic Spacer Tape 3M | C10: =IFERROR(IF('1_INPUT_DATA'!C21="","",'1_INPUT_DATA'!C21),"") -> RMADH3010 | D10: =IFERROR(IF('1_INPUT_DATA'!C21="","", '1_INPUT_DATA'!D21*'1_INPUT_DATA'!F21*(1+'1_INPUT_DATA'!H21)),"") -> 4.025 | E10: =IFERROR(IF('1_INPUT_DATA'!C21="","", '1_INPUT_DATA'!D21*'1_INPUT_DATA'!G21*(1+'1_INPUT_DATA'!I21)),"") -> 4.025 | F10: =IFERROR(IF('1_INPUT_DATA'!C21="","", ('1_INPUT_DATA'!G21-'1_INPUT_DATA'!F21)*'1_INPUT_DATA'!D21*(1+'1_INPUT_DATA'!I21)),"") -> 0 | G10: =IFERROR(IF('1_INPUT_DATA'!C21="","", ('1_INPUT_DATA'!I21-'1_INPUT_DATA'!H21)*'1_INPUT_DATA'!D21*'1_INPUT_DATA'!F21),"") -> 0 | H10: =IFERROR(IF('1_INPUT_DATA'!C21="","", E10-D10),"") -> 0
A11: =IFERROR(IF('1_INPUT_DATA'!A22="","",'1_INPUT_DATA'!A22),"") -> 7 | B11: =IFERROR(IF('1_INPUT_DATA'!B22="","",'1_INPUT_DATA'!B22),"") -> Conductive Anti-Static Shield Bag | C11: =IFERROR(IF('1_INPUT_DATA'!C22="","",'1_INPUT_DATA'!C22),"") -> RMPCK4010 | D11: =IFERROR(IF('1_INPUT_DATA'!C22="","", '1_INPUT_DATA'!D22*'1_INPUT_DATA'!F22*(1+'1_INPUT_DATA'!H22)),"") -> 0.8925 | E11: =IFERROR(IF('1_INPUT_DATA'!C22="","", '1_INPUT_DATA'!D22*'1_INPUT_DATA'!G22*(1+'1_INPUT_DATA'!I22)),"") -> 0.8925 | F11: =IFERROR(IF('1_INPUT_DATA'!C22="","", ('1_INPUT_DATA'!G22-'1_INPUT_DATA'!F22)*'1_INPUT_DATA'!D22*(1+'1_INPUT_DATA'!I22)),"") -> 0 | G11: =IFERROR(IF('1_INPUT_DATA'!C22="","", ('1_INPUT_DATA'!I22-'1_INPUT_DATA'!H22)*'1_INPUT_DATA'!D22*'1_INPUT_DATA'!F22),"") -> 0 | H11: =IFERROR(IF('1_INPUT_DATA'!C22="","", E11-D11),"") -> 0
A12: =IFERROR(IF('1_INPUT_DATA'!A23="","",'1_INPUT_DATA'!A23),"") -> 8 | B12: =IFERROR(IF('1_INPUT_DATA'!B23="","",'1_INPUT_DATA'!B23),"") -> Silica Gel Desiccant 5g Pack | C12: =IFERROR(IF('1_INPUT_DATA'!C23="","",'1_INPUT_DATA'!C23),"") -> RMPCK4020 | D12: =IFERROR(IF('1_INPUT_DATA'!C23="","", '1_INPUT_DATA'!D23*'1_INPUT_DATA'!F23*(1+'1_INPUT_DATA'!H23)),"") -> 0.357 | E12: =IFERROR(IF('1_INPUT_DATA'!C23="","", '1_INPUT_DATA'!D23*'1_INPUT_DATA'!G23*(1+'1_INPUT_DATA'!I23)),"") -> 0.357 | F12: =IFERROR(IF('1_INPUT_DATA'!C23="","", ('1_INPUT_DATA'!G23-'1_INPUT_DATA'!F23)*'1_INPUT_DATA'!D23*(1+'1_INPUT_DATA'!I23)),"") -> 0 | G12: =IFERROR(IF('1_INPUT_DATA'!C23="","", ('1_INPUT_DATA'!I23-'1_INPUT_DATA'!H23)*'1_INPUT_DATA'!D23*'1_INPUT_DATA'!F23),"") -> 0 | H12: =IFERROR(IF('1_INPUT_DATA'!C23="","", E12-D12),"") -> 0
A13: =IFERROR(IF('1_INPUT_DATA'!A24="","",'1_INPUT_DATA'!A24),"") -> 9 | B13: =IFERROR(IF('1_INPUT_DATA'!B24="","",'1_INPUT_DATA'!B24),"") -> Export Corrugated Shipping Carton | C13: =IFERROR(IF('1_INPUT_DATA'!C24="","",'1_INPUT_DATA'!C24),"") -> RMPCK4030 | D13: =IFERROR(IF('1_INPUT_DATA'!C24="","", '1_INPUT_DATA'!D24*'1_INPUT_DATA'!F24*(1+'1_INPUT_DATA'!H24)),"") -> 0.42 | E13: =IFERROR(IF('1_INPUT_DATA'!C24="","", '1_INPUT_DATA'!D24*'1_INPUT_DATA'!G24*(1+'1_INPUT_DATA'!I24)),"") -> 0.42 | F13: =IFERROR(IF('1_INPUT_DATA'!C24="","", ('1_INPUT_DATA'!G24-'1_INPUT_DATA'!F24)*'1_INPUT_DATA'!D24*(1+'1_INPUT_DATA'!I24)),"") -> 0 | G13: =IFERROR(IF('1_INPUT_DATA'!C24="","", ('1_INPUT_DATA'!I24-'1_INPUT_DATA'!H24)*'1_INPUT_DATA'!D24*'1_INPUT_DATA'!F24),"") -> 0 | H13: =IFERROR(IF('1_INPUT_DATA'!C24="","", E13-D13),"") -> 0
A14: =IFERROR(IF('1_INPUT_DATA'!A25="","",'1_INPUT_DATA'!A25),"") -> 10 | B14: =IFERROR(IF('1_INPUT_DATA'!B25="","",'1_INPUT_DATA'!B25),"") -> Terminal Pin Connector Clip (Ag Plated) | C14: =IFERROR(IF('1_INPUT_DATA'!C25="","",'1_INPUT_DATA'!C25),"") -> RMMBA1050 | D14: =IFERROR(IF('1_INPUT_DATA'!C25="","", '1_INPUT_DATA'!D25*'1_INPUT_DATA'!F25*(1+'1_INPUT_DATA'!H25)),"") -> 0.47672 | E14: =IFERROR(IF('1_INPUT_DATA'!C25="","", '1_INPUT_DATA'!D25*'1_INPUT_DATA'!G25*(1+'1_INPUT_DATA'!I25)),"") -> 0.47672 | F14: =IFERROR(IF('1_INPUT_DATA'!C25="","", ('1_INPUT_DATA'!G25-'1_INPUT_DATA'!F25)*'1_INPUT_DATA'!D25*(1+'1_INPUT_DATA'!I25)),"") -> 0 | G14: =IFERROR(IF('1_INPUT_DATA'!C25="","", ('1_INPUT_DATA'!I25-'1_INPUT_DATA'!H25)*'1_INPUT_DATA'!D25*'1_INPUT_DATA'!F25),"") -> 0 | H14: =IFERROR(IF('1_INPUT_DATA'!C25="","", E14-D14),"") -> 0
A15: Total | D15: =IFERROR(SUM(D5:D14), 0) -> 18.86722 | E15: =IFERROR(SUM(E5:E14), 0) -> 20.6672 | F15: =IFERROR(SUM(F5:F14), 0) -> 1.79998 | G15: =IFERROR(SUM(G5:G14), 0) -> 0 | H15: =IFERROR(SUM(H5:H14), 0) -> 1.79998
A17: CONVERSION PROCESS COST (ROUTING)
A18: Sequence | B18: Process Name | C18: Work Center | D18: Base Runtime (MHr) | E18: Active Runtime (MHr) | F18: Base Labor (฿) | G18: Active Labor (฿) | H18: Base Burden (฿) | I18: Active Burden (฿) | J18: Active Process Cost (฿) | K18: Process Δ (฿)
A19: =IFERROR(IF('1_INPUT_DATA'!A29="","",'1_INPUT_DATA'!A29),"") -> 10 | B19: =IFERROR(IF('1_INPUT_DATA'!B29="","",'1_INPUT_DATA'!B29),"") -> PET Film Precision Sheet Cutting | C19: =IFERROR(IF('1_INPUT_DATA'!C29="","",'1_INPUT_DATA'!C29),"") -> BZP01 | D19: =IFERROR(IF(OR('1_INPUT_DATA'!B29="", '1_INPUT_DATA'!E29="", '1_INPUT_DATA'!I29="", '1_INPUT_DATA'!E29=0, '1_INPUT_DATA'!I29=0), "", '1_INPUT_DATA'!D29/('1_INPUT_DATA'!E29*'1_INPUT_DATA'!I29)),"") -> 0.00085034014 | E19: =IFERROR(IF(OR('1_INPUT_DATA'!B29="", '1_INPUT_DATA'!F29="", '1_INPUT_DATA'!J29="", '1_INPUT_DATA'!F29=0, '1_INPUT_DATA'!J29=0), "", '1_INPUT_DATA'!D29/('1_INPUT_DATA'!F29*'1_INPUT_DATA'!J29)),"") -> 0.00085034014 | F19: =IFERROR(IF(OR('1_INPUT_DATA'!B29="", D19=""), "", D19*IFERROR(VLOOKUP('1_INPUT_DATA'!C29,'1_INPUT_DATA'!A$9:F$12,3,FALSE),0)),"") -> 0.0875 | G19: =IFERROR(IF(OR('1_INPUT_DATA'!B29="", E19=""), "", E19*IFERROR(VLOOKUP('1_INPUT_DATA'!C29,'1_INPUT_DATA'!A$9:F$12,3,FALSE),0)),"") -> 0.0875 | H19: =IFERROR(IF(OR('1_INPUT_DATA'!B29="", D19=""), "", D19*IFERROR(VLOOKUP('1_INPUT_DATA'!C29,'1_INPUT_DATA'!A$9:F$12,4,FALSE),0)),"") -> 0.067738095 | I19: =IFERROR(IF(OR('1_INPUT_DATA'!B29="", E19=""), "", E19*IFERROR(VLOOKUP('1_INPUT_DATA'!C29,'1_INPUT_DATA'!A$9:F$12,4,FALSE),0)),"") -> 0.067738095 | J19: =IFERROR(IF('1_INPUT_DATA'!B29="","", G19+I19),"") -> 0.1552381 | K19: =IFERROR(IF('1_INPUT_DATA'!B29="","", J19-(F19+H19)),"") -> 0
A20: =IFERROR(IF('1_INPUT_DATA'!A30="","",'1_INPUT_DATA'!A30),"") -> 20 | B20: =IFERROR(IF('1_INPUT_DATA'!B30="","",'1_INPUT_DATA'!B30),"") -> Optical Surface Cleaning & De-ion | C20: =IFERROR(IF('1_INPUT_DATA'!C30="","",'1_INPUT_DATA'!C30),"") -> BZP01 | D20: =IFERROR(IF(OR('1_INPUT_DATA'!B30="", '1_INPUT_DATA'!E30="", '1_INPUT_DATA'!I30="", '1_INPUT_DATA'!E30=0, '1_INPUT_DATA'!I30=0), "", '1_INPUT_DATA'!D30/('1_INPUT_DATA'!E30*'1_INPUT_DATA'!I30)),"") -> 0.00085034014 | E20: =IFERROR(IF(OR('1_INPUT_DATA'!B30="", '1_INPUT_DATA'!F30="", '1_INPUT_DATA'!J30="", '1_INPUT_DATA'!F30=0, '1_INPUT_DATA'!J30=0), "", '1_INPUT_DATA'!D30/('1_INPUT_DATA'!F30*'1_INPUT_DATA'!J30)),"") -> 0.00085034014 | F20: =IFERROR(IF(OR('1_INPUT_DATA'!B30="", D20=""), "", D20*IFERROR(VLOOKUP('1_INPUT_DATA'!C30,'1_INPUT_DATA'!A$9:F$12,3,FALSE),0)),"") -> 0.0875 | G20: =IFERROR(IF(OR('1_INPUT_DATA'!B30="", E20=""), "", E20*IFERROR(VLOOKUP('1_INPUT_DATA'!C30,'1_INPUT_DATA'!A$9:F$12,3,FALSE),0)),"") -> 0.0875 | H20: =IFERROR(IF(OR('1_INPUT_DATA'!B30="", D20=""), "", D20*IFERROR(VLOOKUP('1_INPUT_DATA'!C30,'1_INPUT_DATA'!A$9:F$12,4,FALSE),0)),"") -> 0.067738095 | I20: =IFERROR(IF(OR('1_INPUT_DATA'!B30="", E20=""), "", E20*IFERROR(VLOOKUP('1_INPUT_DATA'!C30,'1_INPUT_DATA'!A$9:F$12,4,FALSE),0)),"") -> 0.067738095 | J20: =IFERROR(IF('1_INPUT_DATA'!B30="","", G20+I20),"") -> 0.1552381 | K20: =IFERROR(IF('1_INPUT_DATA'!B30="","", J20-(F20+H20)),"") -> 0
A21: =IFERROR(IF('1_INPUT_DATA'!A31="","",'1_INPUT_DATA'!A31),"") -> 30 | B21: =IFERROR(IF('1_INPUT_DATA'!B31="","",'1_INPUT_DATA'!B31),"") -> Alignment Guide Punching | C21: =IFERROR(IF('1_INPUT_DATA'!C31="","",'1_INPUT_DATA'!C31),"") -> BZP01 | D21: =IFERROR(IF(OR('1_INPUT_DATA'!B31="", '1_INPUT_DATA'!E31="", '1_INPUT_DATA'!I31="", '1_INPUT_DATA'!E31=0, '1_INPUT_DATA'!I31=0), "", '1_INPUT_DATA'!D31/('1_INPUT_DATA'!E31*'1_INPUT_DATA'!I31)),"") -> 0.0010204082 | E21: =IFERROR(IF(OR('1_INPUT_DATA'!B31="", '1_INPUT_DATA'!F31="", '1_INPUT_DATA'!J31="", '1_INPUT_DATA'!F31=0, '1_INPUT_DATA'!J31=0), "", '1_INPUT_DATA'!D31/('1_INPUT_DATA'!F31*'1_INPUT_DATA'!J31)),"") -> 0.0010204082 | F21: =IFERROR(IF(OR('1_INPUT_DATA'!B31="", D21=""), "", D21*IFERROR(VLOOKUP('1_INPUT_DATA'!C31,'1_INPUT_DATA'!A$9:F$12,3,FALSE),0)),"") -> 0.105 | G21: =IFERROR(IF(OR('1_INPUT_DATA'!B31="", E21=""), "", E21*IFERROR(VLOOKUP('1_INPUT_DATA'!C31,'1_INPUT_DATA'!A$9:F$12,3,FALSE),0)),"") -> 0.105 | H21: =IFERROR(IF(OR('1_INPUT_DATA'!B31="", D21=""), "", D21*IFERROR(VLOOKUP('1_INPUT_DATA'!C31,'1_INPUT_DATA'!A$9:F$12,4,FALSE),0)),"") -> 0.081285714 | I21: =IFERROR(IF(OR('1_INPUT_DATA'!B31="", E21=""), "", E21*IFERROR(VLOOKUP('1_INPUT_DATA'!C31,'1_INPUT_DATA'!A$9:F$12,4,FALSE),0)),"") -> 0.081285714 | J21: =IFERROR(IF('1_INPUT_DATA'!B31="","", G21+I21),"") -> 0.18628571 | K21: =IFERROR(IF('1_INPUT_DATA'!B31="","", J21-(F21+H21)),"") -> 0
A22: =IFERROR(IF('1_INPUT_DATA'!A32="","",'1_INPUT_DATA'!A32),"") -> 40 | B22: =IFERROR(IF('1_INPUT_DATA'!B32="","",'1_INPUT_DATA'!B32),"") -> Silver Conductor Circuit Screen Print | C22: =IFERROR(IF('1_INPUT_DATA'!C32="","",'1_INPUT_DATA'!C32),"") -> BZP01 | D22: =IFERROR(IF(OR('1_INPUT_DATA'!B32="", '1_INPUT_DATA'!E32="", '1_INPUT_DATA'!I32="", '1_INPUT_DATA'!E32=0, '1_INPUT_DATA'!I32=0), "", '1_INPUT_DATA'!D32/('1_INPUT_DATA'!E32*'1_INPUT_DATA'!I32)),"") -> 0.0035087719 | E22: =IFERROR(IF(OR('1_INPUT_DATA'!B32="", '1_INPUT_DATA'!F32="", '1_INPUT_DATA'!J32="", '1_INPUT_DATA'!F32=0, '1_INPUT_DATA'!J32=0), "", '1_INPUT_DATA'!D32/('1_INPUT_DATA'!F32*'1_INPUT_DATA'!J32)),"") -> 0.0037037037 | F22: =IFERROR(IF(OR('1_INPUT_DATA'!B32="", D22=""), "", D22*IFERROR(VLOOKUP('1_INPUT_DATA'!C32,'1_INPUT_DATA'!A$9:F$12,3,FALSE),0)),"") -> 0.36105263 | G22: =IFERROR(IF(OR('1_INPUT_DATA'!B32="", E22=""), "", E22*IFERROR(VLOOKUP('1_INPUT_DATA'!C32,'1_INPUT_DATA'!A$9:F$12,3,FALSE),0)),"") -> 0.38111111 | H22: =IFERROR(IF(OR('1_INPUT_DATA'!B32="", D22=""), "", D22*IFERROR(VLOOKUP('1_INPUT_DATA'!C32,'1_INPUT_DATA'!A$9:F$12,4,FALSE),0)),"") -> 0.27950877 | I22: =IFERROR(IF(OR('1_INPUT_DATA'!B32="", E22=""), "", E22*IFERROR(VLOOKUP('1_INPUT_DATA'!C32,'1_INPUT_DATA'!A$9:F$12,4,FALSE),0)),"") -> 0.29503704 | J22: =IFERROR(IF('1_INPUT_DATA'!B32="","", G22+I22),"") -> 0.67614815 | K22: =IFERROR(IF('1_INPUT_DATA'!B32="","", J22-(F22+H22)),"") -> 0.035586745
A23: =IFERROR(IF('1_INPUT_DATA'!A33="","",'1_INPUT_DATA'!A33),"") -> 50 | B23: =IFERROR(IF('1_INPUT_DATA'!B33="","",'1_INPUT_DATA'!B33),"") -> Continuous Hot Air Curing | C23: =IFERROR(IF('1_INPUT_DATA'!C33="","",'1_INPUT_DATA'!C33),"") -> BZP01 | D23: =IFERROR(IF(OR('1_INPUT_DATA'!B33="", '1_INPUT_DATA'!E33="", '1_INPUT_DATA'!I33="", '1_INPUT_DATA'!E33=0, '1_INPUT_DATA'!I33=0), "", '1_INPUT_DATA'!D33/('1_INPUT_DATA'!E33*'1_INPUT_DATA'!I33)),"") -> 0.0012755102 | E23: =IFERROR(IF(OR('1_INPUT_DATA'!B33="", '1_INPUT_DATA'!F33="", '1_INPUT_DATA'!J33="", '1_INPUT_DATA'!F33=0, '1_INPUT_DATA'!J33=0), "", '1_INPUT_DATA'!D33/('1_INPUT_DATA'!F33*'1_INPUT_DATA'!J33)),"") -> 0.0012755102 | F23: =IFERROR(IF(OR('1_INPUT_DATA'!B33="", D23=""), "", D23*IFERROR(VLOOKUP('1_INPUT_DATA'!C33,'1_INPUT_DATA'!A$9:F$12,3,FALSE),0)),"") -> 0.13125 | G23: =IFERROR(IF(OR('1_INPUT_DATA'!B33="", E23=""), "", E23*IFERROR(VLOOKUP('1_INPUT_DATA'!C33,'1_INPUT_DATA'!A$9:F$12,3,FALSE),0)),"") -> 0.13125 | H23: =IFERROR(IF(OR('1_INPUT_DATA'!B33="", D23=""), "", D23*IFERROR(VLOOKUP('1_INPUT_DATA'!C33,'1_INPUT_DATA'!A$9:F$12,4,FALSE),0)),"") -> 0.10160714 | I23: =IFERROR(IF(OR('1_INPUT_DATA'!B33="", E23=""), "", E23*IFERROR(VLOOKUP('1_INPUT_DATA'!C33,'1_INPUT_DATA'!A$9:F$12,4,FALSE),0)),"") -> 0.10160714 | J23: =IFERROR(IF('1_INPUT_DATA'!B33="","", G23+I23),"") -> 0.23285714 | K23: =IFERROR(IF('1_INPUT_DATA'!B33="","", J23-(F23+H23)),"") -> 0
A24: =IFERROR(IF('1_INPUT_DATA'!A34="","",'1_INPUT_DATA'!A34),"") -> 60 | B24: =IFERROR(IF('1_INPUT_DATA'!B34="","",'1_INPUT_DATA'!B34),"") -> Carbon Overcoat Screen Print | C24: =IFERROR(IF('1_INPUT_DATA'!C34="","",'1_INPUT_DATA'!C34),"") -> BZP01 | D24: =IFERROR(IF(OR('1_INPUT_DATA'!B34="", '1_INPUT_DATA'!E34="", '1_INPUT_DATA'!I34="", '1_INPUT_DATA'!E34=0, '1_INPUT_DATA'!I34=0), "", '1_INPUT_DATA'!D34/('1_INPUT_DATA'!E34*'1_INPUT_DATA'!I34)),"") -> 0.0035087719 | E24: =IFERROR(IF(OR('1_INPUT_DATA'!B34="", '1_INPUT_DATA'!F34="", '1_INPUT_DATA'!J34="", '1_INPUT_DATA'!F34=0, '1_INPUT_DATA'!J34=0), "", '1_INPUT_DATA'!D34/('1_INPUT_DATA'!F34*'1_INPUT_DATA'!J34)),"") -> 0.0037037037 | F24: =IFERROR(IF(OR('1_INPUT_DATA'!B34="", D24=""), "", D24*IFERROR(VLOOKUP('1_INPUT_DATA'!C34,'1_INPUT_DATA'!A$9:F$12,3,FALSE),0)),"") -> 0.36105263 | G24: =IFERROR(IF(OR('1_INPUT_DATA'!B34="", E24=""), "", E24*IFERROR(VLOOKUP('1_INPUT_DATA'!C34,'1_INPUT_DATA'!A$9:F$12,3,FALSE),0)),"") -> 0.38111111 | H24: =IFERROR(IF(OR('1_INPUT_DATA'!B34="", D24=""), "", D24*IFERROR(VLOOKUP('1_INPUT_DATA'!C34,'1_INPUT_DATA'!A$9:F$12,4,FALSE),0)),"") -> 0.27950877 | I24: =IFERROR(IF(OR('1_INPUT_DATA'!B34="", E24=""), "", E24*IFERROR(VLOOKUP('1_INPUT_DATA'!C34,'1_INPUT_DATA'!A$9:F$12,4,FALSE),0)),"") -> 0.29503704 | J24: =IFERROR(IF('1_INPUT_DATA'!B34="","", G24+I24),"") -> 0.67614815 | K24: =IFERROR(IF('1_INPUT_DATA'!B34="","", J24-(F24+H24)),"") -> 0.035586745
A25: =IFERROR(IF('1_INPUT_DATA'!A35="","",'1_INPUT_DATA'!A35),"") -> 70 | B25: =IFERROR(IF('1_INPUT_DATA'!B35="","",'1_INPUT_DATA'!B35),"") -> Electrical Function Test & AOI | C25: =IFERROR(IF('1_INPUT_DATA'!C35="","",'1_INPUT_DATA'!C35),"") -> BZP01 | D25: =IFERROR(IF(OR('1_INPUT_DATA'!B35="", '1_INPUT_DATA'!E35="", '1_INPUT_DATA'!I35="", '1_INPUT_DATA'!E35=0, '1_INPUT_DATA'!I35=0), "", '1_INPUT_DATA'!D35/('1_INPUT_DATA'!E35*'1_INPUT_DATA'!I35)),"") -> 0.0011337868 | E25: =IFERROR(IF(OR('1_INPUT_DATA'!B35="", '1_INPUT_DATA'!F35="", '1_INPUT_DATA'!J35="", '1_INPUT_DATA'!F35=0, '1_INPUT_DATA'!J35=0), "", '1_INPUT_DATA'!D35/('1_INPUT_DATA'!F35*'1_INPUT_DATA'!J35)),"") -> 0.0011337868 | F25: =IFERROR(IF(OR('1_INPUT_DATA'!B35="", D25=""), "", D25*IFERROR(VLOOKUP('1_INPUT_DATA'!C35,'1_INPUT_DATA'!A$9:F$12,3,FALSE),0)),"") -> 0.11666667 | G25: =IFERROR(IF(OR('1_INPUT_DATA'!B35="", E25=""), "", E25*IFERROR(VLOOKUP('1_INPUT_DATA'!C35,'1_INPUT_DATA'!A$9:F$12,3,FALSE),0)),"") -> 0.11666667 | H25: =IFERROR(IF(OR('1_INPUT_DATA'!B35="", D25=""), "", D25*IFERROR(VLOOKUP('1_INPUT_DATA'!C35,'1_INPUT_DATA'!A$9:F$12,4,FALSE),0)),"") -> 0.09031746 | I25: =IFERROR(IF(OR('1_INPUT_DATA'!B35="", E25=""), "", E25*IFERROR(VLOOKUP('1_INPUT_DATA'!C35,'1_INPUT_DATA'!A$9:F$12,4,FALSE),0)),"") -> 0.09031746 | J25: =IFERROR(IF('1_INPUT_DATA'!B35="","", G25+I25),"") -> 0.20698413 | K25: =IFERROR(IF('1_INPUT_DATA'!B35="","", J25-(F25+H25)),"") -> 0
A26: =IFERROR(IF('1_INPUT_DATA'!A36="","",'1_INPUT_DATA'!A36),"") -> 80 | B26: =IFERROR(IF('1_INPUT_DATA'!B36="","",'1_INPUT_DATA'!B36),"") -> Graphic Overlay Silk Screen Print | C26: =IFERROR(IF('1_INPUT_DATA'!C36="","",'1_INPUT_DATA'!C36),"") -> BFK01 | D26: =IFERROR(IF(OR('1_INPUT_DATA'!B36="", '1_INPUT_DATA'!E36="", '1_INPUT_DATA'!I36="", '1_INPUT_DATA'!E36=0, '1_INPUT_DATA'!I36=0), "", '1_INPUT_DATA'!D36/('1_INPUT_DATA'!E36*'1_INPUT_DATA'!I36)),"") -> 0.0037878788 | E26: =IFERROR(IF(OR('1_INPUT_DATA'!B36="", '1_INPUT_DATA'!F36="", '1_INPUT_DATA'!J36="", '1_INPUT_DATA'!F36=0, '1_INPUT_DATA'!J36=0), "", '1_INPUT_DATA'!D36/('1_INPUT_DATA'!F36*'1_INPUT_DATA'!J36)),"") -> 0.0037878788 | F26: =IFERROR(IF(OR('1_INPUT_DATA'!B36="", D26=""), "", D26*IFERROR(VLOOKUP('1_INPUT_DATA'!C36,'1_INPUT_DATA'!A$9:F$12,3,FALSE),0)),"") -> 0.38977273 | G26: =IFERROR(IF(OR('1_INPUT_DATA'!B36="", E26=""), "", E26*IFERROR(VLOOKUP('1_INPUT_DATA'!C36,'1_INPUT_DATA'!A$9:F$12,3,FALSE),0)),"") -> 0.38977273 | H26: =IFERROR(IF(OR('1_INPUT_DATA'!B36="", D26=""), "", D26*IFERROR(VLOOKUP('1_INPUT_DATA'!C36,'1_INPUT_DATA'!A$9:F$12,4,FALSE),0)),"") -> 0.30174242 | I26: =IFERROR(IF(OR('1_INPUT_DATA'!B36="", E26=""), "", E26*IFERROR(VLOOKUP('1_INPUT_DATA'!C36,'1_INPUT_DATA'!A$9:F$12,4,FALSE),0)),"") -> 0.30174242 | J26: =IFERROR(IF('1_INPUT_DATA'!B36="","", G26+I26),"") -> 0.69151515 | K26: =IFERROR(IF('1_INPUT_DATA'!B36="","", J26-(F26+H26)),"") -> 0
A27: =IFERROR(IF('1_INPUT_DATA'!A37="","",'1_INPUT_DATA'!A37),"") -> 90 | B27: =IFERROR(IF('1_INPUT_DATA'!B37="","",'1_INPUT_DATA'!B37),"") -> Spacer Tape Die-Cutting & Punch | C27: =IFERROR(IF('1_INPUT_DATA'!C37="","",'1_INPUT_DATA'!C37),"") -> BFK01 | D27: =IFERROR(IF(OR('1_INPUT_DATA'!B37="", '1_INPUT_DATA'!E37="", '1_INPUT_DATA'!I37="", '1_INPUT_DATA'!E37=0, '1_INPUT_DATA'!I37=0), "", '1_INPUT_DATA'!D37/('1_INPUT_DATA'!E37*'1_INPUT_DATA'!I37)),"") -> 0.0012886598 | E27: =IFERROR(IF(OR('1_INPUT_DATA'!B37="", '1_INPUT_DATA'!F37="", '1_INPUT_DATA'!J37="", '1_INPUT_DATA'!F37=0, '1_INPUT_DATA'!J37=0), "", '1_INPUT_DATA'!D37/('1_INPUT_DATA'!F37*'1_INPUT_DATA'!J37)),"") -> 0.0012886598 | F27: =IFERROR(IF(OR('1_INPUT_DATA'!B37="", D27=""), "", D27*IFERROR(VLOOKUP('1_INPUT_DATA'!C37,'1_INPUT_DATA'!A$9:F$12,3,FALSE),0)),"") -> 0.13260309 | G27: =IFERROR(IF(OR('1_INPUT_DATA'!B37="", E27=""), "", E27*IFERROR(VLOOKUP('1_INPUT_DATA'!C37,'1_INPUT_DATA'!A$9:F$12,3,FALSE),0)),"") -> 0.13260309 | H27: =IFERROR(IF(OR('1_INPUT_DATA'!B37="", D27=""), "", D27*IFERROR(VLOOKUP('1_INPUT_DATA'!C37,'1_INPUT_DATA'!A$9:F$12,4,FALSE),0)),"") -> 0.10265464 | I27: =IFERROR(IF(OR('1_INPUT_DATA'!B37="", E27=""), "", E27*IFERROR(VLOOKUP('1_INPUT_DATA'!C37,'1_INPUT_DATA'!A$9:F$12,4,FALSE),0)),"") -> 0.10265464 | J27: =IFERROR(IF('1_INPUT_DATA'!B37="","", G27+I27),"") -> 0.23525773 | K27: =IFERROR(IF('1_INPUT_DATA'!B37="","", J27-(F27+H27)),"") -> 0
A28: =IFERROR(IF('1_INPUT_DATA'!A38="","",'1_INPUT_DATA'!A38),"") -> 100 | B28: =IFERROR(IF('1_INPUT_DATA'!B38="","",'1_INPUT_DATA'!B38),"") -> Automated Sheet Lamination | C28: =IFERROR(IF('1_INPUT_DATA'!C38="","",'1_INPUT_DATA'!C38),"") -> BFP01 | D28: =IFERROR(IF(OR('1_INPUT_DATA'!B38="", '1_INPUT_DATA'!E38="", '1_INPUT_DATA'!I38="", '1_INPUT_DATA'!E38=0, '1_INPUT_DATA'!I38=0), "", '1_INPUT_DATA'!D38/('1_INPUT_DATA'!E38*'1_INPUT_DATA'!I38)),"") -> 0.0045819015 | E28: =IFERROR(IF(OR('1_INPUT_DATA'!B38="", '1_INPUT_DATA'!F38="", '1_INPUT_DATA'!J38="", '1_INPUT_DATA'!F38=0, '1_INPUT_DATA'!J38=0), "", '1_INPUT_DATA'!D38/('1_INPUT_DATA'!F38*'1_INPUT_DATA'!J38)),"") -> 0.0045819015 | F28: =IFERROR(IF(OR('1_INPUT_DATA'!B38="", D28=""), "", D28*IFERROR(VLOOKUP('1_INPUT_DATA'!C38,'1_INPUT_DATA'!A$9:F$12,3,FALSE),0)),"") -> 0.47147766 | G28: =IFERROR(IF(OR('1_INPUT_DATA'!B38="", E28=""), "", E28*IFERROR(VLOOKUP('1_INPUT_DATA'!C38,'1_INPUT_DATA'!A$9:F$12,3,FALSE),0)),"") -> 0.47147766 | H28: =IFERROR(IF(OR('1_INPUT_DATA'!B38="", D28=""), "", D28*IFERROR(VLOOKUP('1_INPUT_DATA'!C38,'1_INPUT_DATA'!A$9:F$12,4,FALSE),0)),"") -> 0.36499427 | I28: =IFERROR(IF(OR('1_INPUT_DATA'!B38="", E28=""), "", E28*IFERROR(VLOOKUP('1_INPUT_DATA'!C38,'1_INPUT_DATA'!A$9:F$12,4,FALSE),0)),"") -> 0.36499427 | J28: =IFERROR(IF('1_INPUT_DATA'!B38="","", G28+I28),"") -> 0.83647194 | K28: =IFERROR(IF('1_INPUT_DATA'!B38="","", J28-(F28+H28)),"") -> 0
A29: =IFERROR(IF('1_INPUT_DATA'!A39="","",'1_INPUT_DATA'!A39),"") -> 110 | B29: =IFERROR(IF('1_INPUT_DATA'!B39="","",'1_INPUT_DATA'!B39),"") -> Actuation Force & Function QA | C29: =IFERROR(IF('1_INPUT_DATA'!C39="","",'1_INPUT_DATA'!C39),"") -> BFP01 | D29: =IFERROR(IF(OR('1_INPUT_DATA'!B39="", '1_INPUT_DATA'!E39="", '1_INPUT_DATA'!I39="", '1_INPUT_DATA'!E39=0, '1_INPUT_DATA'!I39=0), "", '1_INPUT_DATA'!D39/('1_INPUT_DATA'!E39*'1_INPUT_DATA'!I39)),"") -> 0.0017006803 | E29: =IFERROR(IF(OR('1_INPUT_DATA'!B39="", '1_INPUT_DATA'!F39="", '1_INPUT_DATA'!J39="", '1_INPUT_DATA'!F39=0, '1_INPUT_DATA'!J39=0), "", '1_INPUT_DATA'!D39/('1_INPUT_DATA'!F39*'1_INPUT_DATA'!J39)),"") -> 0.0017006803 | F29: =IFERROR(IF(OR('1_INPUT_DATA'!B39="", D29=""), "", D29*IFERROR(VLOOKUP('1_INPUT_DATA'!C39,'1_INPUT_DATA'!A$9:F$12,3,FALSE),0)),"") -> 0.175 | G29: =IFERROR(IF(OR('1_INPUT_DATA'!B39="", E29=""), "", E29*IFERROR(VLOOKUP('1_INPUT_DATA'!C39,'1_INPUT_DATA'!A$9:F$12,3,FALSE),0)),"") -> 0.175 | H29: =IFERROR(IF(OR('1_INPUT_DATA'!B39="", D29=""), "", D29*IFERROR(VLOOKUP('1_INPUT_DATA'!C39,'1_INPUT_DATA'!A$9:F$12,4,FALSE),0)),"") -> 0.13547619 | I29: =IFERROR(IF(OR('1_INPUT_DATA'!B39="", E29=""), "", E29*IFERROR(VLOOKUP('1_INPUT_DATA'!C39,'1_INPUT_DATA'!A$9:F$12,4,FALSE),0)),"") -> 0.13547619 | J29: =IFERROR(IF('1_INPUT_DATA'!B39="","", G29+I29),"") -> 0.31047619 | K29: =IFERROR(IF('1_INPUT_DATA'!B39="","", J29-(F29+H29)),"") -> 0
A30: =IFERROR(IF('1_INPUT_DATA'!A40="","",'1_INPUT_DATA'!A40),"") -> 120 | B30: =IFERROR(IF('1_INPUT_DATA'!B40="","",'1_INPUT_DATA'!B40),"") -> Poly-bagging & Carton Packing | C30: =IFERROR(IF('1_INPUT_DATA'!C40="","",'1_INPUT_DATA'!C40),"") -> BPP01 | D30: =IFERROR(IF(OR('1_INPUT_DATA'!B40="", '1_INPUT_DATA'!E40="", '1_INPUT_DATA'!I40="", '1_INPUT_DATA'!E40=0, '1_INPUT_DATA'!I40=0), "", '1_INPUT_DATA'!D40/('1_INPUT_DATA'!E40*'1_INPUT_DATA'!I40)),"") -> 0.0013468013 | E30: =IFERROR(IF(OR('1_INPUT_DATA'!B40="", '1_INPUT_DATA'!F40="", '1_INPUT_DATA'!J40="", '1_INPUT_DATA'!F40=0, '1_INPUT_DATA'!J40=0), "", '1_INPUT_DATA'!D40/('1_INPUT_DATA'!F40*'1_INPUT_DATA'!J40)),"") -> 0.0013468013 | F30: =IFERROR(IF(OR('1_INPUT_DATA'!B40="", D30=""), "", D30*IFERROR(VLOOKUP('1_INPUT_DATA'!C40,'1_INPUT_DATA'!A$9:F$12,3,FALSE),0)),"") -> 0.13858586 | G30: =IFERROR(IF(OR('1_INPUT_DATA'!B40="", E30=""), "", E30*IFERROR(VLOOKUP('1_INPUT_DATA'!C40,'1_INPUT_DATA'!A$9:F$12,3,FALSE),0)),"") -> 0.13858586 | H30: =IFERROR(IF(OR('1_INPUT_DATA'!B40="", D30=""), "", D30*IFERROR(VLOOKUP('1_INPUT_DATA'!C40,'1_INPUT_DATA'!A$9:F$12,4,FALSE),0)),"") -> 0.1072862 | I30: =IFERROR(IF(OR('1_INPUT_DATA'!B40="", E30=""), "", E30*IFERROR(VLOOKUP('1_INPUT_DATA'!C40,'1_INPUT_DATA'!A$9:F$12,4,FALSE),0)),"") -> 0.1072862 | J30: =IFERROR(IF('1_INPUT_DATA'!B40="","", G30+I30),"") -> 0.24587205 | K30: =IFERROR(IF('1_INPUT_DATA'!B40="","", J30-(F30+H30)),"") -> 0
A31: Total | F31: =IFERROR(SUM(F19:F30), 0) -> 2.5574613 | G31: =IFERROR(SUM(G19:G30), 0) -> 2.5975782 | H31: =IFERROR(SUM(H19:H30), 0) -> 1.9798578 | I31: =IFERROR(SUM(I19:I30), 0) -> 2.0109143 | J31: =IFERROR(SUM(J19:J30), 0) -> 4.6084925 | K31: =IFERROR(SUM(K19:K30), 0) -> 0.071173489
A33: REFERENCE STANDARD VS CURRENT STANDARD
A34: Cost Element | B34: Baseline Ref Std (฿/pc) | C34: Active Current Std (฿/pc) | D34: Variance (Δ ฿/pc) | E34: % Variance
A35: Material | B35: =IFERROR(D15, 0) -> 18.86722 | C35: =IFERROR(E15, 0) -> 20.6672 | D35: =IFERROR(C35-B35, 0) -> 1.79998 | E35: =IFERROR(IF(B35>0,D35/B35,0), 0) -> 0.095402502
A36: Labor | B36: =IFERROR(F31, 0) -> 2.5574613 | C36: =IFERROR(G31, 0) -> 2.5975782 | D36: =IFERROR(C36-B36, 0) -> 0.040116959 | E36: =IFERROR(IF(B36>0,D36/B36,0), 0) -> 0.015686243
A37: Burden | B37: =IFERROR(H31, 0) -> 1.9798578 | C37: =IFERROR(I31, 0) -> 2.0109143 | D37: =IFERROR(C37-B37, 0) -> 0.03105653 | E37: =IFERROR(IF(B37>0,D37/B37,0), 0) -> 0.015686243
A38: Std Total | B38: =IFERROR(SUM(B35:B37), 0) -> 23.404539 | C38: =IFERROR(SUM(C35:C37), 0) -> 25.275693 | D38: =IFERROR(C38-B38, 0) -> 1.8711535 | E38: =IFERROR(IF(B38>0,D38/B38,0), 0) -> 0.079948316
